timestamp,longAccount,shortAccount,longShortRatio
2026-07-11 10:05:00+00:00,0.5841,0.4159,1.4044
2026-07-11 10:10:00+00:00,0.584,0.416,1.4038
2026-07-11 10:15:00+00:00,0.5839,0.4161,1.4033
2026-07-11 10:20:00+00:00,0.5838,0.4162,1.4027
2026-07-11 10:25:00+00:00,0.5837,0.4163,1.4021
2026-07-11 10:30:00+00:00,0.5835,0.4165,1.401
2026-07-11 10:35:00+00:00,0.5835,0.4165,1.401
2026-07-11 10:40:00+00:00,0.5834,0.4166,1.4004
2026-07-11 10:45:00+00:00,0.5834,0.4166,1.4004
2026-07-11 10:50:00+00:00,0.5834,0.4166,1.4004
2026-07-11 10:55:00+00:00,0.5835,0.4165,1.401
2026-07-11 11:00:00+00:00,0.5834,0.4166,1.4004
2026-07-11 11:05:00+00:00,0.5835,0.4165,1.401
2026-07-11 11:10:00+00:00,0.5836,0.4164,1.4015
2026-07-11 11:15:00+00:00,0.5836,0.4164,1.4015
2026-07-11 11:20:00+00:00,0.5836,0.4164,1.4015
2026-07-11 11:25:00+00:00,0.5836,0.4164,1.4015
2026-07-11 11:30:00+00:00,0.5835,0.4165,1.401
2026-07-11 11:35:00+00:00,0.5835,0.4165,1.401
2026-07-11 11:40:00+00:00,0.5837,0.4163,1.4021
2026-07-11 11:45:00+00:00,0.5836,0.4164,1.4015
2026-07-11 11:50:00+00:00,0.5836,0.4164,1.4015
2026-07-11 11:55:00+00:00,0.5836,0.4164,1.4015
2026-07-11 12:00:00+00:00,0.5836,0.4164,1.4015
2026-07-11 12:05:00+00:00,0.5837,0.4163,1.4021
2026-07-11 12:10:00+00:00,0.5838,0.4162,1.4027
2026-07-11 12:15:00+00:00,0.5839,0.4161,1.4033
2026-07-11 12:20:00+00:00,0.584,0.416,1.4038
2026-07-11 12:25:00+00:00,0.584,0.416,1.4038
2026-07-11 12:30:00+00:00,0.5839,0.4161,1.4033
2026-07-11 12:35:00+00:00,0.5839,0.4161,1.4033
2026-07-11 12:40:00+00:00,0.5839,0.4161,1.4033
2026-07-11 12:45:00+00:00,0.5837,0.4163,1.4021
2026-07-11 12:50:00+00:00,0.5837,0.4163,1.4021
2026-07-11 12:55:00+00:00,0.5838,0.4162,1.4027
2026-07-11 13:00:00+00:00,0.5838,0.4162,1.4027
2026-07-11 13:05:00+00:00,0.5839,0.4161,1.4033
2026-07-11 13:10:00+00:00,0.5838,0.4162,1.4027
2026-07-11 13:15:00+00:00,0.5838,0.4162,1.4027
2026-07-11 13:20:00+00:00,0.5838,0.4162,1.4027
2026-07-11 13:25:00+00:00,0.584,0.416,1.4038
2026-07-11 13:30:00+00:00,0.5841,0.4159,1.4044
2026-07-11 13:35:00+00:00,0.5841,0.4159,1.4044
2026-07-11 13:40:00+00:00,0.5842,0.4158,1.405
2026-07-11 13:45:00+00:00,0.5841,0.4159,1.4044
2026-07-11 13:50:00+00:00,0.5841,0.4159,1.4044
2026-07-11 13:55:00+00:00,0.5843,0.4157,1.4056
2026-07-11 14:00:00+00:00,0.5844,0.4156,1.4062
2026-07-11 14:05:00+00:00,0.5844,0.4156,1.4062
2026-07-11 14:10:00+00:00,0.5843,0.4157,1.4056
2026-07-11 14:15:00+00:00,0.5844,0.4156,1.4062
2026-07-11 14:20:00+00:00,0.5844,0.4156,1.4062
2026-07-11 14:25:00+00:00,0.5854,0.4146,1.412
2026-07-11 14:30:00+00:00,0.5843,0.4157,1.4056
2026-07-11 14:35:00+00:00,0.5842,0.4158,1.405
2026-07-11 14:40:00+00:00,0.5838,0.4162,1.4027
2026-07-11 14:45:00+00:00,0.5835,0.4165,1.401
2026-07-11 14:50:00+00:00,0.5831,0.4169,1.3987
2026-07-11 14:55:00+00:00,0.5829,0.4171,1.3975
2026-07-11 15:00:00+00:00,0.5827,0.4173,1.3964
2026-07-11 15:05:00+00:00,0.5828,0.4172,1.3969
2026-07-11 15:10:00+00:00,0.5827,0.4173,1.3964
2026-07-11 15:15:00+00:00,0.5825,0.4175,1.3952
2026-07-11 15:20:00+00:00,0.5821,0.4179,1.3929
2026-07-11 15:25:00+00:00,0.582,0.418,1.3923
2026-07-11 15:30:00+00:00,0.5821,0.4179,1.3929
2026-07-11 15:35:00+00:00,0.5821,0.4179,1.3929
2026-07-11 15:40:00+00:00,0.5877,0.4123,1.4254
2026-07-11 15:45:00+00:00,0.5872,0.4128,1.4225
2026-07-11 15:50:00+00:00,0.5864,0.4136,1.4178
2026-07-11 15:55:00+00:00,0.5868,0.4132,1.4201
2026-07-11 16:00:00+00:00,0.587,0.413,1.4213
2026-07-11 16:05:00+00:00,0.5868,0.4132,1.4201
2026-07-11 16:10:00+00:00,0.5862,0.4138,1.4166
2026-07-11 16:15:00+00:00,0.5862,0.4138,1.4166
2026-07-11 16:20:00+00:00,0.5864,0.4136,1.4178
2026-07-11 16:25:00+00:00,0.5867,0.4133,1.4195
2026-07-11 16:30:00+00:00,0.5869,0.4131,1.4207
2026-07-11 16:35:00+00:00,0.5872,0.4128,1.4225
2026-07-11 16:40:00+00:00,0.5866,0.4134,1.419
2026-07-11 16:45:00+00:00,0.5863,0.4137,1.4172
2026-07-11 16:50:00+00:00,0.586,0.414,1.4155
2026-07-11 16:55:00+00:00,0.5859,0.4141,1.4149
2026-07-11 17:00:00+00:00,0.5859,0.4141,1.4149
2026-07-11 17:05:00+00:00,0.5859,0.4141,1.4149
2026-07-11 17:10:00+00:00,0.5862,0.4138,1.4166
2026-07-11 17:15:00+00:00,0.5864,0.4136,1.4178
2026-07-11 17:20:00+00:00,0.5866,0.4134,1.419
2026-07-11 17:25:00+00:00,0.5865,0.4135,1.4184
2026-07-11 17:30:00+00:00,0.5866,0.4134,1.419
2026-07-11 17:35:00+00:00,0.5861,0.4139,1.416
2026-07-11 17:40:00+00:00,0.586,0.414,1.4155
2026-07-11 17:45:00+00:00,0.5859,0.4141,1.4149
2026-07-11 17:50:00+00:00,0.5858,0.4142,1.4143
2026-07-11 17:55:00+00:00,0.5857,0.4143,1.4137
2026-07-11 18:00:00+00:00,0.5856,0.4144,1.4131
2026-07-11 18:05:00+00:00,0.5854,0.4146,1.412
2026-07-11 18:10:00+00:00,0.5854,0.4146,1.412
2026-07-11 18:15:00+00:00,0.5855,0.4145,1.4125
2026-07-11 18:20:00+00:00,0.5855,0.4145,1.4125
2026-07-11 18:25:00+00:00,0.5855,0.4145,1.4125
2026-07-11 18:30:00+00:00,0.5854,0.4146,1.412
2026-07-11 18:35:00+00:00,0.5853,0.4147,1.4114
2026-07-11 18:40:00+00:00,0.5853,0.4147,1.4114
2026-07-11 18:45:00+00:00,0.5853,0.4147,1.4114
2026-07-11 18:50:00+00:00,0.5853,0.4147,1.4114
2026-07-11 18:55:00+00:00,0.5852,0.4148,1.4108
2026-07-11 19:00:00+00:00,0.5852,0.4148,1.4108
2026-07-11 19:05:00+00:00,0.5851,0.4149,1.4102
2026-07-11 19:10:00+00:00,0.585,0.415,1.4096
2026-07-11 19:15:00+00:00,0.5852,0.4148,1.4108
2026-07-11 19:20:00+00:00,0.5852,0.4148,1.4108
2026-07-11 19:25:00+00:00,0.5851,0.4149,1.4102
2026-07-11 19:30:00+00:00,0.5848,0.4152,1.4085
2026-07-11 19:35:00+00:00,0.5846,0.4154,1.4073
2026-07-11 19:40:00+00:00,0.5845,0.4155,1.4067
2026-07-11 19:45:00+00:00,0.5844,0.4156,1.4062
2026-07-11 19:50:00+00:00,0.5844,0.4156,1.4062
2026-07-11 19:55:00+00:00,0.5844,0.4156,1.4062
2026-07-11 20:00:00+00:00,0.5845,0.4155,1.4067
2026-07-11 20:05:00+00:00,0.5844,0.4156,1.4062
2026-07-11 20:10:00+00:00,0.5843,0.4157,1.4056
2026-07-11 20:15:00+00:00,0.5844,0.4156,1.4062
2026-07-11 20:20:00+00:00,0.5843,0.4157,1.4056
2026-07-11 20:25:00+00:00,0.5843,0.4157,1.4056
2026-07-11 20:30:00+00:00,0.5843,0.4157,1.4056
2026-07-11 20:35:00+00:00,0.5844,0.4156,1.4062
2026-07-11 20:40:00+00:00,0.5844,0.4156,1.4062
2026-07-11 20:45:00+00:00,0.5836,0.4164,1.4015
2026-07-11 20:50:00+00:00,0.5834,0.4166,1.4004
2026-07-11 20:55:00+00:00,0.5834,0.4166,1.4004
2026-07-11 21:00:00+00:00,0.5834,0.4166,1.4004
2026-07-11 21:05:00+00:00,0.5834,0.4166,1.4004
2026-07-11 21:10:00+00:00,0.5834,0.4166,1.4004
2026-07-11 21:15:00+00:00,0.5835,0.4165,1.401
2026-07-11 21:20:00+00:00,0.5835,0.4165,1.401
2026-07-11 21:25:00+00:00,0.5835,0.4165,1.401
2026-07-11 21:30:00+00:00,0.5834,0.4166,1.4004
2026-07-11 21:35:00+00:00,0.5834,0.4166,1.4004
2026-07-11 21:40:00+00:00,0.5833,0.4167,1.3998
2026-07-11 21:45:00+00:00,0.5832,0.4168,1.3992
2026-07-11 21:50:00+00:00,0.5832,0.4168,1.3992
2026-07-11 21:55:00+00:00,0.5833,0.4167,1.3998
2026-07-11 22:00:00+00:00,0.5831,0.4169,1.3987
2026-07-11 22:05:00+00:00,0.5831,0.4169,1.3987
2026-07-11 22:10:00+00:00,0.5836,0.4164,1.4015
2026-07-11 22:15:00+00:00,0.5836,0.4164,1.4015
2026-07-11 22:20:00+00:00,0.5835,0.4165,1.401
2026-07-11 22:25:00+00:00,0.5836,0.4164,1.4015
2026-07-11 22:30:00+00:00,0.5834,0.4166,1.4004
2026-07-11 22:35:00+00:00,0.5834,0.4166,1.4004
2026-07-11 22:40:00+00:00,0.5834,0.4166,1.4004
2026-07-11 22:45:00+00:00,0.5835,0.4165,1.401
2026-07-11 22:50:00+00:00,0.5834,0.4166,1.4004
2026-07-11 22:55:00+00:00,0.5833,0.4167,1.3998
2026-07-11 23:00:00+00:00,0.5825,0.4175,1.3952
2026-07-11 23:05:00+00:00,0.5824,0.4176,1.3946
2026-07-11 23:10:00+00:00,0.5831,0.4169,1.3987
2026-07-11 23:15:00+00:00,0.5831,0.4169,1.3987
2026-07-11 23:20:00+00:00,0.5831,0.4169,1.3987
2026-07-11 23:25:00+00:00,0.5839,0.4161,1.4033
2026-07-11 23:30:00+00:00,0.5857,0.4143,1.4137
2026-07-11 23:35:00+00:00,0.5863,0.4137,1.4172
2026-07-11 23:40:00+00:00,0.5868,0.4132,1.4201
2026-07-11 23:45:00+00:00,0.5874,0.4126,1.4237
2026-07-11 23:50:00+00:00,0.5881,0.4119,1.4278
2026-07-11 23:55:00+00:00,0.5879,0.4121,1.4266
2026-07-12 00:00:00+00:00,0.5841,0.4159,1.4044
2026-07-12 00:05:00+00:00,0.5841,0.4159,1.4044
2026-07-12 00:10:00+00:00,0.5847,0.4153,1.4079
2026-07-12 00:15:00+00:00,0.5851,0.4149,1.4102
2026-07-12 00:20:00+00:00,0.5864,0.4136,1.4178
2026-07-12 00:25:00+00:00,0.5869,0.4131,1.4207
2026-07-12 00:30:00+00:00,0.5873,0.4127,1.4231
2026-07-12 00:35:00+00:00,0.5878,0.4122,1.426
2026-07-12 00:40:00+00:00,0.5891,0.4109,1.4337
2026-07-12 00:45:00+00:00,0.5895,0.4105,1.4361
2026-07-12 00:50:00+00:00,0.5898,0.4102,1.4378
2026-07-12 00:55:00+00:00,0.59,0.41,1.439
2026-07-12 01:00:00+00:00,0.5906,0.4094,1.4426
2026-07-12 01:05:00+00:00,0.5914,0.4086,1.4474
2026-07-12 01:10:00+00:00,0.5915,0.4085,1.448
2026-07-12 01:15:00+00:00,0.5911,0.4089,1.4456
2026-07-12 01:20:00+00:00,0.5914,0.4086,1.4474
2026-07-12 01:25:00+00:00,0.5916,0.4084,1.4486
2026-07-12 01:30:00+00:00,0.5916,0.4084,1.4486
2026-07-12 01:35:00+00:00,0.5929,0.4071,1.4564
2026-07-12 01:40:00+00:00,0.5933,0.4067,1.4588
2026-07-12 01:45:00+00:00,0.5921,0.4079,1.4516
2026-07-12 01:50:00+00:00,0.5916,0.4084,1.4486
2026-07-12 01:55:00+00:00,0.5914,0.4086,1.4474
2026-07-12 02:00:00+00:00,0.585,0.415,1.4096
2026-07-12 02:05:00+00:00,0.5846,0.4154,1.4073
2026-07-12 02:10:00+00:00,0.5843,0.4157,1.4056
2026-07-12 02:15:00+00:00,0.5839,0.4161,1.4033
2026-07-12 02:20:00+00:00,0.5839,0.4161,1.4033
2026-07-12 02:25:00+00:00,0.584,0.416,1.4038
2026-07-12 02:30:00+00:00,0.584,0.416,1.4038
2026-07-12 02:35:00+00:00,0.5839,0.4161,1.4033
2026-07-12 02:40:00+00:00,0.5837,0.4163,1.4021
2026-07-12 02:45:00+00:00,0.5835,0.4165,1.401
2026-07-12 02:50:00+00:00,0.5835,0.4165,1.401
2026-07-12 02:55:00+00:00,0.5834,0.4166,1.4004
2026-07-12 03:00:00+00:00,0.5835,0.4165,1.401
2026-07-12 03:05:00+00:00,0.5834,0.4166,1.4004
2026-07-12 03:10:00+00:00,0.5833,0.4167,1.3998
2026-07-12 03:15:00+00:00,0.5828,0.4172,1.3969
2026-07-12 03:20:00+00:00,0.583,0.417,1.3981
2026-07-12 03:25:00+00:00,0.5831,0.4169,1.3987
2026-07-12 03:30:00+00:00,0.5831,0.4169,1.3987
2026-07-12 03:35:00+00:00,0.5832,0.4168,1.3992
2026-07-12 03:40:00+00:00,0.5831,0.4169,1.3987
2026-07-12 03:45:00+00:00,0.583,0.417,1.3981
2026-07-12 03:50:00+00:00,0.5831,0.4169,1.3987
2026-07-12 03:55:00+00:00,0.5831,0.4169,1.3987
2026-07-12 04:00:00+00:00,0.5856,0.4144,1.4131
2026-07-12 04:05:00+00:00,0.5845,0.4155,1.4067
2026-07-12 04:10:00+00:00,0.5846,0.4154,1.4073
2026-07-12 04:15:00+00:00,0.5845,0.4155,1.4067
2026-07-12 04:20:00+00:00,0.5848,0.4152,1.4085
2026-07-12 04:25:00+00:00,0.5847,0.4153,1.4079
2026-07-12 04:30:00+00:00,0.5847,0.4153,1.4079
2026-07-12 04:35:00+00:00,0.5844,0.4156,1.4062
2026-07-12 04:40:00+00:00,0.5844,0.4156,1.4062
2026-07-12 04:45:00+00:00,0.5844,0.4156,1.4062
2026-07-12 04:50:00+00:00,0.5845,0.4155,1.4067
2026-07-12 04:55:00+00:00,0.5844,0.4156,1.4062
2026-07-12 05:00:00+00:00,0.5843,0.4157,1.4056
2026-07-12 05:05:00+00:00,0.5845,0.4155,1.4067
2026-07-12 05:10:00+00:00,0.5846,0.4154,1.4073
2026-07-12 05:15:00+00:00,0.5845,0.4155,1.4067
2026-07-12 05:20:00+00:00,0.5855,0.4145,1.4125
2026-07-12 05:25:00+00:00,0.5855,0.4145,1.4125
2026-07-12 05:30:00+00:00,0.5855,0.4145,1.4125
2026-07-12 05:35:00+00:00,0.5855,0.4145,1.4125
2026-07-12 05:40:00+00:00,0.5859,0.4141,1.4149
2026-07-12 05:45:00+00:00,0.586,0.414,1.4155
2026-07-12 05:50:00+00:00,0.5863,0.4137,1.4172
2026-07-12 05:55:00+00:00,0.5863,0.4137,1.4172
2026-07-12 06:00:00+00:00,0.5862,0.4138,1.4166
2026-07-12 06:05:00+00:00,0.5864,0.4136,1.4178
2026-07-12 06:10:00+00:00,0.5871,0.4129,1.4219
2026-07-12 06:15:00+00:00,0.5886,0.4114,1.4307
2026-07-12 06:20:00+00:00,0.5897,0.4103,1.4372
2026-07-12 06:25:00+00:00,0.5903,0.4097,1.4408
2026-07-12 06:30:00+00:00,0.5906,0.4094,1.4426
2026-07-12 06:35:00+00:00,0.5911,0.4089,1.4456
2026-07-12 06:40:00+00:00,0.592,0.408,1.451
2026-07-12 06:45:00+00:00,0.5922,0.4078,1.4522
2026-07-12 06:50:00+00:00,0.593,0.407,1.457
2026-07-12 06:55:00+00:00,0.5932,0.4068,1.4582
2026-07-12 07:00:00+00:00,0.5934,0.4066,1.4594
2026-07-12 07:05:00+00:00,0.5934,0.4066,1.4594
2026-07-12 07:10:00+00:00,0.5939,0.4061,1.4624
2026-07-12 07:15:00+00:00,0.5942,0.4058,1.4643
2026-07-12 07:20:00+00:00,0.5945,0.4055,1.4661
2026-07-12 07:25:00+00:00,0.5942,0.4058,1.4643
2026-07-12 07:30:00+00:00,0.5943,0.4057,1.4649
2026-07-12 07:35:00+00:00,0.5944,0.4056,1.4655
2026-07-12 07:40:00+00:00,0.5943,0.4057,1.4649
2026-07-12 07:45:00+00:00,0.5942,0.4058,1.4643
2026-07-12 07:50:00+00:00,0.5941,0.4059,1.4637
2026-07-12 07:55:00+00:00,0.5941,0.4059,1.4637
2026-07-12 08:00:00+00:00,0.5941,0.4059,1.4637
2026-07-12 08:05:00+00:00,0.5942,0.4058,1.4643
2026-07-12 08:10:00+00:00,0.594,0.406,1.4631
2026-07-12 08:15:00+00:00,0.5937,0.4063,1.4612
2026-07-12 08:20:00+00:00,0.5932,0.4068,1.4582
2026-07-12 08:25:00+00:00,0.5929,0.4071,1.4564
2026-07-12 08:30:00+00:00,0.5926,0.4074,1.4546
2026-07-12 08:35:00+00:00,0.5925,0.4075,1.454
2026-07-12 08:40:00+00:00,0.5923,0.4077,1.4528
2026-07-12 08:45:00+00:00,0.5922,0.4078,1.4522
2026-07-12 08:50:00+00:00,0.5919,0.4081,1.4504
2026-07-12 08:55:00+00:00,0.5917,0.4083,1.4492
2026-07-12 09:00:00+00:00,0.5913,0.4087,1.4468
2026-07-12 09:05:00+00:00,0.5909,0.4091,1.4444
2026-07-12 09:10:00+00:00,0.5908,0.4092,1.4438
2026-07-12 09:15:00+00:00,0.5906,0.4094,1.4426
2026-07-12 09:20:00+00:00,0.5904,0.4096,1.4414
2026-07-12 09:25:00+00:00,0.5905,0.4095,1.442
2026-07-12 09:30:00+00:00,0.5908,0.4092,1.4438
2026-07-12 09:35:00+00:00,0.5911,0.4089,1.4456
2026-07-12 09:40:00+00:00,0.5911,0.4089,1.4456
2026-07-12 09:45:00+00:00,0.5908,0.4092,1.4438
2026-07-12 09:50:00+00:00,0.5906,0.4094,1.4426
2026-07-12 09:55:00+00:00,0.5904,0.4096,1.4414
2026-07-12 10:00:00+00:00,0.5904,0.4096,1.4414
2026-07-12 10:05:00+00:00,0.5903,0.4097,1.4408
2026-07-12 10:10:00+00:00,0.5902,0.4098,1.4402
2026-07-12 10:15:00+00:00,0.5902,0.4098,1.4402
2026-07-12 10:20:00+00:00,0.5903,0.4097,1.4408
2026-07-12 10:25:00+00:00,0.5904,0.4096,1.4414
2026-07-12 10:30:00+00:00,0.5903,0.4097,1.4408
2026-07-12 10:35:00+00:00,0.5904,0.4096,1.4414
2026-07-12 10:40:00+00:00,0.5904,0.4096,1.4414
2026-07-12 10:45:00+00:00,0.5903,0.4097,1.4408
2026-07-12 10:50:00+00:00,0.5904,0.4096,1.4414
2026-07-12 10:55:00+00:00,0.5903,0.4097,1.4408
2026-07-12 11:00:00+00:00,0.5905,0.4095,1.442
2026-07-12 11:05:00+00:00,0.5907,0.4093,1.4432
2026-07-12 11:10:00+00:00,0.5909,0.4091,1.4444
2026-07-12 11:15:00+00:00,0.591,0.409,1.445
2026-07-12 11:20:00+00:00,0.5909,0.4091,1.4444
2026-07-12 11:25:00+00:00,0.591,0.409,1.445
2026-07-12 11:30:00+00:00,0.5911,0.4089,1.4456
2026-07-12 11:35:00+00:00,0.5912,0.4088,1.4462
2026-07-12 11:40:00+00:00,0.5913,0.4087,1.4468
2026-07-12 11:45:00+00:00,0.5911,0.4089,1.4456
2026-07-12 11:50:00+00:00,0.5912,0.4088,1.4462
2026-07-12 11:55:00+00:00,0.5912,0.4088,1.4462
2026-07-12 12:00:00+00:00,0.5912,0.4088,1.4462
2026-07-12 12:05:00+00:00,0.5911,0.4089,1.4456
2026-07-12 12:10:00+00:00,0.591,0.409,1.445
2026-07-12 12:15:00+00:00,0.5902,0.4098,1.4402
2026-07-12 12:20:00+00:00,0.5903,0.4097,1.4408
2026-07-12 12:25:00+00:00,0.5903,0.4097,1.4408
2026-07-12 12:30:00+00:00,0.5904,0.4096,1.4414
2026-07-12 12:35:00+00:00,0.5903,0.4097,1.4408
2026-07-12 12:40:00+00:00,0.5902,0.4098,1.4402
2026-07-12 12:45:00+00:00,0.5902,0.4098,1.4402
2026-07-12 12:50:00+00:00,0.5904,0.4096,1.4414
2026-07-12 12:55:00+00:00,0.5903,0.4097,1.4408
2026-07-12 13:00:00+00:00,0.5903,0.4097,1.4408
2026-07-12 13:05:00+00:00,0.5902,0.4098,1.4402
2026-07-12 13:10:00+00:00,0.5905,0.4095,1.442
2026-07-12 13:15:00+00:00,0.5907,0.4093,1.4432
2026-07-12 13:20:00+00:00,0.5904,0.4096,1.4414
2026-07-12 13:25:00+00:00,0.5905,0.4095,1.442
2026-07-12 13:30:00+00:00,0.5904,0.4096,1.4414
2026-07-12 13:35:00+00:00,0.5904,0.4096,1.4414
2026-07-12 13:40:00+00:00,0.5906,0.4094,1.4426
2026-07-12 13:45:00+00:00,0.5906,0.4094,1.4426
2026-07-12 13:50:00+00:00,0.5904,0.4096,1.4414
2026-07-12 13:55:00+00:00,0.5903,0.4097,1.4408
2026-07-12 14:00:00+00:00,0.5903,0.4097,1.4408
2026-07-12 14:05:00+00:00,0.5902,0.4098,1.4402
2026-07-12 14:10:00+00:00,0.5901,0.4099,1.4396
2026-07-12 14:15:00+00:00,0.5899,0.4101,1.4384
2026-07-12 14:20:00+00:00,0.5899,0.4101,1.4384
2026-07-12 14:25:00+00:00,0.5898,0.4102,1.4378
2026-07-12 14:30:00+00:00,0.5898,0.4102,1.4378
2026-07-12 14:35:00+00:00,0.5899,0.4101,1.4384
2026-07-12 14:40:00+00:00,0.5902,0.4098,1.4402
2026-07-12 14:45:00+00:00,0.5905,0.4095,1.442
2026-07-12 14:50:00+00:00,0.5906,0.4094,1.4426
2026-07-12 14:55:00+00:00,0.5898,0.4102,1.4378
2026-07-12 15:00:00+00:00,0.5896,0.4104,1.4366
2026-07-12 15:05:00+00:00,0.5894,0.4106,1.4355
2026-07-12 15:10:00+00:00,0.5896,0.4104,1.4366
2026-07-12 15:15:00+00:00,0.5895,0.4105,1.4361
2026-07-12 15:20:00+00:00,0.589,0.411,1.4331
2026-07-12 15:25:00+00:00,0.5887,0.4113,1.4313
2026-07-12 15:30:00+00:00,0.5888,0.4112,1.4319
2026-07-12 15:35:00+00:00,0.5888,0.4112,1.4319
2026-07-12 15:40:00+00:00,0.5887,0.4113,1.4313
2026-07-12 15:45:00+00:00,0.5886,0.4114,1.4307
2026-07-12 15:50:00+00:00,0.5888,0.4112,1.4319
2026-07-12 15:55:00+00:00,0.589,0.411,1.4331
2026-07-12 16:00:00+00:00,0.5889,0.4111,1.4325
2026-07-12 16:05:00+00:00,0.589,0.411,1.4331
2026-07-12 16:10:00+00:00,0.589,0.411,1.4331
2026-07-12 16:15:00+00:00,0.5916,0.4084,1.4486
2026-07-12 16:20:00+00:00,0.5916,0.4084,1.4486
2026-07-12 16:25:00+00:00,0.5917,0.4083,1.4492
2026-07-12 16:30:00+00:00,0.5916,0.4084,1.4486
2026-07-12 16:35:00+00:00,0.5917,0.4083,1.4492
2026-07-12 16:40:00+00:00,0.5916,0.4084,1.4486
2026-07-12 16:45:00+00:00,0.5915,0.4085,1.448
2026-07-12 16:50:00+00:00,0.5916,0.4084,1.4486
2026-07-12 16:55:00+00:00,0.5917,0.4083,1.4492
2026-07-12 17:00:00+00:00,0.5916,0.4084,1.4486
2026-07-12 17:05:00+00:00,0.5915,0.4085,1.448
2026-07-12 17:10:00+00:00,0.5913,0.4087,1.4468
2026-07-12 17:15:00+00:00,0.5914,0.4086,1.4474
2026-07-12 17:20:00+00:00,0.5914,0.4086,1.4474
2026-07-12 17:25:00+00:00,0.5913,0.4087,1.4468
2026-07-12 17:30:00+00:00,0.5912,0.4088,1.4462
2026-07-12 17:35:00+00:00,0.5911,0.4089,1.4456
2026-07-12 17:40:00+00:00,0.5911,0.4089,1.4456
2026-07-12 17:45:00+00:00,0.5912,0.4088,1.4462
2026-07-12 17:50:00+00:00,0.5911,0.4089,1.4456
2026-07-12 17:55:00+00:00,0.5917,0.4083,1.4492
2026-07-12 18:00:00+00:00,0.5916,0.4084,1.4486
2026-07-12 18:05:00+00:00,0.5915,0.4085,1.448
2026-07-12 18:10:00+00:00,0.5915,0.4085,1.448
2026-07-12 18:15:00+00:00,0.5913,0.4087,1.4468
2026-07-12 18:20:00+00:00,0.5913,0.4087,1.4468
2026-07-12 18:25:00+00:00,0.5914,0.4086,1.4474
2026-07-12 18:30:00+00:00,0.5914,0.4086,1.4474
2026-07-12 18:35:00+00:00,0.5915,0.4085,1.448
2026-07-12 18:40:00+00:00,0.5916,0.4084,1.4486
2026-07-12 18:45:00+00:00,0.5916,0.4084,1.4486
2026-07-12 18:50:00+00:00,0.5916,0.4084,1.4486
2026-07-12 18:55:00+00:00,0.5915,0.4085,1.448
2026-07-12 19:00:00+00:00,0.5916,0.4084,1.4486
2026-07-12 19:05:00+00:00,0.5916,0.4084,1.4486
2026-07-12 19:10:00+00:00,0.5916,0.4084,1.4486
2026-07-12 19:15:00+00:00,0.5913,0.4087,1.4468
2026-07-12 19:20:00+00:00,0.5913,0.4087,1.4468
2026-07-12 19:25:00+00:00,0.5913,0.4087,1.4468
2026-07-12 19:30:00+00:00,0.5913,0.4087,1.4468
2026-07-12 19:35:00+00:00,0.5912,0.4088,1.4462
2026-07-12 19:40:00+00:00,0.5911,0.4089,1.4456
2026-07-12 19:45:00+00:00,0.5911,0.4089,1.4456
2026-07-12 19:50:00+00:00,0.591,0.409,1.445
2026-07-12 19:55:00+00:00,0.59,0.41,1.439
2026-07-12 20:00:00+00:00,0.59,0.41,1.439
2026-07-12 20:05:00+00:00,0.5899,0.4101,1.4384
2026-07-12 20:10:00+00:00,0.5898,0.4102,1.4378
2026-07-12 20:15:00+00:00,0.5899,0.4101,1.4384
2026-07-12 20:20:00+00:00,0.5899,0.4101,1.4384
2026-07-12 20:25:00+00:00,0.5898,0.4102,1.4378
2026-07-12 20:30:00+00:00,0.5897,0.4103,1.4372
2026-07-12 20:35:00+00:00,0.5897,0.4103,1.4372
2026-07-12 20:40:00+00:00,0.5896,0.4104,1.4366
2026-07-12 20:45:00+00:00,0.5896,0.4104,1.4366
2026-07-12 20:50:00+00:00,0.5896,0.4104,1.4366
2026-07-12 20:55:00+00:00,0.5896,0.4104,1.4366
2026-07-12 21:00:00+00:00,0.5895,0.4105,1.4361
2026-07-12 21:05:00+00:00,0.5895,0.4105,1.4361
2026-07-12 21:10:00+00:00,0.5894,0.4106,1.4355
2026-07-12 21:15:00+00:00,0.5892,0.4108,1.4343
2026-07-12 21:20:00+00:00,0.589,0.411,1.4331
2026-07-12 21:25:00+00:00,0.5896,0.4104,1.4366
2026-07-12 21:30:00+00:00,0.5896,0.4104,1.4366
2026-07-12 21:35:00+00:00,0.5892,0.4108,1.4343
2026-07-12 21:40:00+00:00,0.5892,0.4108,1.4343
2026-07-12 21:45:00+00:00,0.5898,0.4102,1.4378
2026-07-12 21:50:00+00:00,0.5907,0.4093,1.4432
2026-07-12 21:55:00+00:00,0.5912,0.4088,1.4462
2026-07-12 22:00:00+00:00,0.5915,0.4085,1.448
2026-07-12 22:05:00+00:00,0.5934,0.4066,1.4594
2026-07-12 22:10:00+00:00,0.5941,0.4059,1.4637
2026-07-12 22:15:00+00:00,0.5943,0.4057,1.4649
2026-07-12 22:20:00+00:00,0.5951,0.4049,1.4697
2026-07-12 22:25:00+00:00,0.5957,0.4043,1.4734
2026-07-12 22:30:00+00:00,0.5961,0.4039,1.4759
2026-07-12 22:35:00+00:00,0.5965,0.4035,1.4783
2026-07-12 22:40:00+00:00,0.5967,0.4033,1.4795
2026-07-12 22:45:00+00:00,0.5969,0.4031,1.4808
2026-07-12 22:50:00+00:00,0.5971,0.4029,1.482
2026-07-12 22:55:00+00:00,0.5972,0.4028,1.4826
2026-07-12 23:00:00+00:00,0.5977,0.4023,1.4857
2026-07-12 23:05:00+00:00,0.5977,0.4023,1.4857
2026-07-12 23:10:00+00:00,0.5967,0.4033,1.4795
2026-07-12 23:15:00+00:00,0.597,0.403,1.4814
2026-07-12 23:20:00+00:00,0.5972,0.4028,1.4826
2026-07-12 23:25:00+00:00,0.5974,0.4026,1.4839
2026-07-12 23:30:00+00:00,0.5977,0.4023,1.4857
2026-07-12 23:35:00+00:00,0.5984,0.4016,1.49
2026-07-12 23:40:00+00:00,0.5985,0.4015,1.4907
2026-07-12 23:45:00+00:00,0.5987,0.4013,1.4919
2026-07-12 23:50:00+00:00,0.5988,0.4012,1.4925
2026-07-12 23:55:00+00:00,0.599,0.401,1.4938
2026-07-13 00:00:00+00:00,0.5992,0.4008,1.495
2026-07-13 00:05:00+00:00,0.5997,0.4003,1.4981
2026-07-13 00:10:00+00:00,0.5987,0.4013,1.4919
2026-07-13 00:15:00+00:00,0.5972,0.4028,1.4826
2026-07-13 00:20:00+00:00,0.596,0.404,1.4752
2026-07-13 00:25:00+00:00,0.5955,0.4045,1.4722
2026-07-13 00:30:00+00:00,0.595,0.405,1.4691
2026-07-13 00:35:00+00:00,0.5949,0.4051,1.4685
2026-07-13 00:40:00+00:00,0.5966,0.4034,1.4789
2026-07-13 00:45:00+00:00,0.5994,0.4006,1.4963
2026-07-13 00:50:00+00:00,0.599,0.401,1.4938
2026-07-13 00:55:00+00:00,0.599,0.401,1.4938
2026-07-13 01:00:00+00:00,0.5983,0.4017,1.4894
2026-07-13 01:05:00+00:00,0.5985,0.4015,1.4907
2026-07-13 01:10:00+00:00,0.5989,0.4011,1.4931
2026-07-13 01:15:00+00:00,0.5996,0.4004,1.4975
2026-07-13 01:20:00+00:00,0.5999,0.4001,1.4994
2026-07-13 01:25:00+00:00,0.6001,0.3999,1.5006
2026-07-13 01:30:00+00:00,0.6006,0.3994,1.5038
2026-07-13 01:35:00+00:00,0.6016,0.3984,1.51
2026-07-13 01:40:00+00:00,0.6027,0.3973,1.517
2026-07-13 01:45:00+00:00,0.6033,0.3967,1.5208
2026-07-13 01:50:00+00:00,0.6033,0.3967,1.5208
2026-07-13 01:55:00+00:00,0.6032,0.3968,1.5202
2026-07-13 02:00:00+00:00,0.6038,0.3962,1.524
2026-07-13 02:05:00+00:00,0.606,0.394,1.5381
2026-07-13 02:10:00+00:00,0.6065,0.3935,1.5413
2026-07-13 02:15:00+00:00,0.6055,0.3945,1.5349
2026-07-13 02:20:00+00:00,0.6065,0.3935,1.5413
2026-07-13 02:25:00+00:00,0.6076,0.3924,1.5484
2026-07-13 02:30:00+00:00,0.6079,0.3921,1.5504
2026-07-13 02:35:00+00:00,0.6082,0.3918,1.5523
2026-07-13 02:40:00+00:00,0.6086,0.3914,1.5549
2026-07-13 02:45:00+00:00,0.609,0.391,1.5575
2026-07-13 02:50:00+00:00,0.6091,0.3909,1.5582
2026-07-13 02:55:00+00:00,0.6095,0.3905,1.5608
2026-07-13 03:00:00+00:00,0.6095,0.3905,1.5608
2026-07-13 03:05:00+00:00,0.609,0.391,1.5575
2026-07-13 03:10:00+00:00,0.6116,0.3884,1.5747
2026-07-13 03:15:00+00:00,0.6138,0.3862,1.5893
2026-07-13 03:20:00+00:00,0.6161,0.3839,1.6048
2026-07-13 03:25:00+00:00,0.6168,0.3832,1.6096
2026-07-13 03:30:00+00:00,0.6177,0.3823,1.6157
2026-07-13 03:35:00+00:00,0.6189,0.3811,1.624
2026-07-13 03:40:00+00:00,0.6208,0.3792,1.6371
2026-07-13 03:45:00+00:00,0.621,0.379,1.6385
2026-07-13 03:50:00+00:00,0.6222,0.3778,1.6469
2026-07-13 03:55:00+00:00,0.6227,0.3773,1.6504
2026-07-13 04:00:00+00:00,0.6235,0.3765,1.656
2026-07-13 04:05:00+00:00,0.6235,0.3765,1.656
2026-07-13 04:10:00+00:00,0.624,0.376,1.6596
2026-07-13 04:15:00+00:00,0.6254,0.3746,1.6695
2026-07-13 04:20:00+00:00,0.6269,0.3731,1.6802
2026-07-13 04:25:00+00:00,0.6277,0.3723,1.686
2026-07-13 04:30:00+00:00,0.6283,0.3717,1.6903
2026-07-13 04:35:00+00:00,0.6283,0.3717,1.6903
2026-07-13 04:40:00+00:00,0.6284,0.3716,1.6911
2026-07-13 04:45:00+00:00,0.6286,0.3714,1.6925
2026-07-13 04:50:00+00:00,0.629,0.371,1.6954
2026-07-13 04:55:00+00:00,0.6296,0.3704,1.6998
2026-07-13 05:00:00+00:00,0.63,0.37,1.7027
2026-07-13 05:05:00+00:00,0.6311,0.3689,1.7108
2026-07-13 05:10:00+00:00,0.6313,0.3687,1.7122
2026-07-13 05:15:00+00:00,0.6324,0.3676,1.7203
2026-07-13 05:20:00+00:00,0.6332,0.3668,1.7263
2026-07-13 05:25:00+00:00,0.6342,0.3658,1.7337
2026-07-13 05:30:00+00:00,0.6344,0.3656,1.7352
2026-07-13 05:35:00+00:00,0.6351,0.3649,1.7405
2026-07-13 05:40:00+00:00,0.6356,0.3644,1.7442
2026-07-13 05:45:00+00:00,0.6358,0.3642,1.7457
2026-07-13 05:50:00+00:00,0.6361,0.3639,1.748
2026-07-13 05:55:00+00:00,0.6367,0.3633,1.7525
2026-07-13 06:00:00+00:00,0.6367,0.3633,1.7525
2026-07-13 06:05:00+00:00,0.6374,0.3626,1.7579
2026-07-13 06:10:00+00:00,0.6377,0.3623,1.7601
2026-07-13 06:15:00+00:00,0.6375,0.3625,1.7586
2026-07-13 06:20:00+00:00,0.6376,0.3624,1.7594
2026-07-13 06:25:00+00:00,0.6375,0.3625,1.7586
2026-07-13 06:30:00+00:00,0.6379,0.3621,1.7617
2026-07-13 06:35:00+00:00,0.6385,0.3615,1.7663
2026-07-13 06:40:00+00:00,0.6387,0.3613,1.7678
2026-07-13 06:45:00+00:00,0.6389,0.3611,1.7693
2026-07-13 06:50:00+00:00,0.6391,0.3609,1.7709
2026-07-13 06:55:00+00:00,0.6392,0.3608,1.7716
2026-07-13 07:00:00+00:00,0.6392,0.3608,1.7716
2026-07-13 07:05:00+00:00,0.6392,0.3608,1.7716
2026-07-13 07:10:00+00:00,0.6393,0.3607,1.7724
2026-07-13 07:15:00+00:00,0.6402,0.3598,1.7793
2026-07-13 07:20:00+00:00,0.6403,0.3597,1.7801
2026-07-13 07:25:00+00:00,0.6405,0.3595,1.7816
2026-07-13 07:30:00+00:00,0.6414,0.3586,1.7886
2026-07-13 07:35:00+00:00,0.6418,0.3582,1.7917
2026-07-13 07:40:00+00:00,0.6422,0.3578,1.7949
2026-07-13 07:45:00+00:00,0.6417,0.3583,1.791
2026-07-13 07:50:00+00:00,0.6416,0.3584,1.7902
2026-07-13 07:55:00+00:00,0.6416,0.3584,1.7902
2026-07-13 08:00:00+00:00,0.6405,0.3595,1.7816
2026-07-13 08:05:00+00:00,0.6403,0.3597,1.7801
2026-07-13 08:10:00+00:00,0.64,0.36,1.7778
2026-07-13 08:15:00+00:00,0.6397,0.3603,1.7755
2026-07-13 08:20:00+00:00,0.639,0.361,1.7701
2026-07-13 08:25:00+00:00,0.6387,0.3613,1.7678
2026-07-13 08:30:00+00:00,0.6389,0.3611,1.7693
2026-07-13 08:35:00+00:00,0.6392,0.3608,1.7716
2026-07-13 08:40:00+00:00,0.6391,0.3609,1.7709
2026-07-13 08:45:00+00:00,0.639,0.361,1.7701
2026-07-13 08:50:00+00:00,0.6382,0.3618,1.764
2026-07-13 08:55:00+00:00,0.6366,0.3634,1.7518
2026-07-13 09:00:00+00:00,0.6358,0.3642,1.7457
2026-07-13 09:05:00+00:00,0.6353,0.3647,1.742
2026-07-13 09:10:00+00:00,0.6348,0.3652,1.7382
2026-07-13 09:15:00+00:00,0.6345,0.3655,1.736
2026-07-13 09:20:00+00:00,0.6337,0.3663,1.73
2026-07-13 09:25:00+00:00,0.6331,0.3669,1.7255
2026-07-13 09:30:00+00:00,0.6327,0.3673,1.7226
2026-07-13 09:35:00+00:00,0.6323,0.3677,1.7196
2026-07-13 09:40:00+00:00,0.6323,0.3677,1.7196
2026-07-13 09:45:00+00:00,0.632,0.368,1.7174
2026-07-13 09:50:00+00:00,0.6316,0.3684,1.7144
2026-07-13 09:55:00+00:00,0.6315,0.3685,1.7137
2026-07-13 10:00:00+00:00,0.6315,0.3685,1.7137
2026-07-13 10:05:00+00:00,0.6312,0.3688,1.7115
2026-07-13 10:10:00+00:00,0.6307,0.3693,1.7078
2026-07-13 10:15:00+00:00,0.6302,0.3698,1.7042
2026-07-13 10:20:00+00:00,0.6302,0.3698,1.7042
2026-07-13 10:25:00+00:00,0.6301,0.3699,1.7034
2026-07-13 10:30:00+00:00,0.629,0.371,1.6954
2026-07-13 10:35:00+00:00,0.6287,0.3713,1.6932
2026-07-13 10:40:00+00:00,0.6286,0.3714,1.6925
2026-07-13 10:45:00+00:00,0.6298,0.3702,1.7012
2026-07-13 10:50:00+00:00,0.6288,0.3712,1.694
2026-07-13 10:55:00+00:00,0.6286,0.3714,1.6925
2026-07-13 11:00:00+00:00,0.6282,0.3718,1.6896
2026-07-13 11:05:00+00:00,0.6283,0.3717,1.6903
2026-07-13 11:10:00+00:00,0.628,0.372,1.6882
2026-07-13 11:15:00+00:00,0.6282,0.3718,1.6896
2026-07-13 11:20:00+00:00,0.6282,0.3718,1.6896
2026-07-13 11:25:00+00:00,0.628,0.372,1.6882
2026-07-13 11:30:00+00:00,0.6281,0.3719,1.6889
2026-07-13 11:35:00+00:00,0.6281,0.3719,1.6889
2026-07-13 11:40:00+00:00,0.6281,0.3719,1.6889
2026-07-13 11:45:00+00:00,0.6281,0.3719,1.6889
2026-07-13 11:50:00+00:00,0.628,0.372,1.6882
2026-07-13 11:55:00+00:00,0.6278,0.3722,1.6867
2026-07-13 12:00:00+00:00,0.6278,0.3722,1.6867
2026-07-13 12:05:00+00:00,0.6276,0.3724,1.6853
2026-07-13 12:10:00+00:00,0.628,0.372,1.6882
2026-07-13 12:15:00+00:00,0.6273,0.3727,1.6831
2026-07-13 12:20:00+00:00,0.627,0.373,1.681
2026-07-13 12:25:00+00:00,0.6271,0.3729,1.6817
2026-07-13 12:30:00+00:00,0.6279,0.3721,1.6874
2026-07-13 12:35:00+00:00,0.6281,0.3719,1.6889
2026-07-13 12:40:00+00:00,0.629,0.371,1.6954
2026-07-13 12:45:00+00:00,0.63,0.37,1.7027
2026-07-13 12:50:00+00:00,0.6323,0.3677,1.7196
2026-07-13 12:55:00+00:00,0.6327,0.3673,1.7226
2026-07-13 13:00:00+00:00,0.6339,0.3661,1.7315
2026-07-13 13:05:00+00:00,0.6347,0.3653,1.7375
2026-07-13 13:10:00+00:00,0.6354,0.3646,1.7427
2026-07-13 13:15:00+00:00,0.6358,0.3642,1.7457
2026-07-13 13:20:00+00:00,0.6357,0.3643,1.745
2026-07-13 13:25:00+00:00,0.6369,0.3631,1.7541
2026-07-13 13:30:00+00:00,0.6383,0.3617,1.7647
2026-07-13 13:35:00+00:00,0.6398,0.3602,1.7762
2026-07-13 13:40:00+00:00,0.64,0.36,1.7778
2026-07-13 13:45:00+00:00,0.6434,0.3566,1.8043
2026-07-13 13:50:00+00:00,0.6433,0.3567,1.8035
2026-07-13 13:55:00+00:00,0.6454,0.3546,1.8201
2026-07-13 14:00:00+00:00,0.6468,0.3532,1.8313
2026-07-13 14:05:00+00:00,0.6477,0.3523,1.8385
2026-07-13 14:10:00+00:00,0.648,0.352,1.8409
2026-07-13 14:15:00+00:00,0.6491,0.3509,1.8498
2026-07-13 14:20:00+00:00,0.6509,0.3491,1.8645
2026-07-13 14:25:00+00:00,0.6515,0.3485,1.8694
2026-07-13 14:30:00+00:00,0.6516,0.3484,1.8703
2026-07-13 14:35:00+00:00,0.6518,0.3482,1.8719
2026-07-13 14:40:00+00:00,0.6523,0.3477,1.876
2026-07-13 14:45:00+00:00,0.6524,0.3476,1.8769
2026-07-13 14:50:00+00:00,0.6532,0.3468,1.8835
2026-07-13 14:55:00+00:00,0.6525,0.3475,1.8777
2026-07-13 15:00:00+00:00,0.6527,0.3473,1.8794
2026-07-13 15:05:00+00:00,0.6516,0.3484,1.8703
2026-07-13 15:10:00+00:00,0.6509,0.3491,1.8645
2026-07-13 15:15:00+00:00,0.6506,0.3494,1.862
2026-07-13 15:20:00+00:00,0.6501,0.3499,1.858
2026-07-13 15:25:00+00:00,0.6496,0.3504,1.8539
2026-07-13 15:30:00+00:00,0.649,0.351,1.849
2026-07-13 15:35:00+00:00,0.6481,0.3519,1.8417
2026-07-13 15:40:00+00:00,0.6475,0.3525,1.8369
2026-07-13 15:45:00+00:00,0.6469,0.3531,1.8321
2026-07-13 15:50:00+00:00,0.647,0.353,1.8329
2026-07-13 15:55:00+00:00,0.6472,0.3528,1.8345
2026-07-13 16:00:00+00:00,0.6472,0.3528,1.8345
2026-07-13 16:05:00+00:00,0.6471,0.3529,1.8337
2026-07-13 16:10:00+00:00,0.647,0.353,1.8329
2026-07-13 16:15:00+00:00,0.6473,0.3527,1.8353
2026-07-13 16:20:00+00:00,0.648,0.352,1.8409
2026-07-13 16:25:00+00:00,0.6488,0.3512,1.8474
2026-07-13 16:30:00+00:00,0.6496,0.3504,1.8539
2026-07-13 16:35:00+00:00,0.6501,0.3499,1.858
2026-07-13 16:40:00+00:00,0.6515,0.3485,1.8694
2026-07-13 16:45:00+00:00,0.6526,0.3474,1.8785
2026-07-13 16:50:00+00:00,0.6534,0.3466,1.8852
2026-07-13 16:55:00+00:00,0.6536,0.3464,1.8868
2026-07-13 17:00:00+00:00,0.6535,0.3465,1.886
2026-07-13 17:05:00+00:00,0.6543,0.3457,1.8927
2026-07-13 17:10:00+00:00,0.6547,0.3453,1.896
2026-07-13 17:15:00+00:00,0.6551,0.3449,1.8994
2026-07-13 17:20:00+00:00,0.6554,0.3446,1.9019
2026-07-13 17:25:00+00:00,0.6555,0.3445,1.9028
2026-07-13 17:30:00+00:00,0.6556,0.3444,1.9036
2026-07-13 17:35:00+00:00,0.6561,0.3439,1.9078
2026-07-13 17:40:00+00:00,0.6598,0.3402,1.9394
2026-07-13 17:45:00+00:00,0.6604,0.3396,1.9446
2026-07-13 17:50:00+00:00,0.6599,0.3401,1.9403
2026-07-13 17:55:00+00:00,0.6599,0.3401,1.9403
2026-07-13 18:00:00+00:00,0.661,0.339,1.9499
2026-07-13 18:05:00+00:00,0.6616,0.3384,1.9551
2026-07-13 18:10:00+00:00,0.6626,0.3374,1.9638
2026-07-13 18:15:00+00:00,0.6627,0.3373,1.9647
2026-07-13 18:20:00+00:00,0.6639,0.3361,1.9753
2026-07-13 18:25:00+00:00,0.6642,0.3358,1.978
2026-07-13 18:30:00+00:00,0.6649,0.3351,1.9842
2026-07-13 18:35:00+00:00,0.6654,0.3346,1.9886
2026-07-13 18:40:00+00:00,0.6659,0.3341,1.9931
2026-07-13 18:45:00+00:00,0.6676,0.3324,2.0084
2026-07-13 18:50:00+00:00,0.6681,0.3319,2.013
2026-07-13 18:55:00+00:00,0.6646,0.3354,1.9815
2026-07-13 19:00:00+00:00,0.6648,0.3352,1.9833
2026-07-13 19:05:00+00:00,0.6648,0.3352,1.9833
2026-07-13 19:10:00+00:00,0.6649,0.3351,1.9842
2026-07-13 19:15:00+00:00,0.6654,0.3346,1.9886
2026-07-13 19:20:00+00:00,0.6658,0.3342,1.9922
2026-07-13 19:25:00+00:00,0.6659,0.3341,1.9931
2026-07-13 19:30:00+00:00,0.666,0.334,1.994
2026-07-13 19:35:00+00:00,0.6665,0.3335,1.9985
2026-07-13 19:40:00+00:00,0.6668,0.3332,2.0012
2026-07-13 19:45:00+00:00,0.667,0.333,2.003
2026-07-13 19:50:00+00:00,0.667,0.333,2.003
2026-07-13 19:55:00+00:00,0.6674,0.3326,2.0066
2026-07-13 20:00:00+00:00,0.6674,0.3326,2.0066
2026-07-13 20:05:00+00:00,0.6671,0.3329,2.0039
2026-07-13 20:10:00+00:00,0.6669,0.3331,2.0021
2026-07-13 20:15:00+00:00,0.6662,0.3338,1.9958
2026-07-13 20:20:00+00:00,0.6658,0.3342,1.9922
2026-07-13 20:25:00+00:00,0.6653,0.3347,1.9878
2026-07-13 20:30:00+00:00,0.6655,0.3345,1.9895
2026-07-13 20:35:00+00:00,0.6655,0.3345,1.9895
2026-07-13 20:40:00+00:00,0.6653,0.3347,1.9878
2026-07-13 20:45:00+00:00,0.6655,0.3345,1.9895
2026-07-13 20:50:00+00:00,0.6654,0.3346,1.9886
2026-07-13 20:55:00+00:00,0.6653,0.3347,1.9878
2026-07-13 21:00:00+00:00,0.6654,0.3346,1.9886
2026-07-13 21:05:00+00:00,0.6654,0.3346,1.9886
2026-07-13 21:10:00+00:00,0.6654,0.3346,1.9886
2026-07-13 21:15:00+00:00,0.6652,0.3348,1.9869
2026-07-13 21:20:00+00:00,0.6653,0.3347,1.9878
2026-07-13 21:25:00+00:00,0.6655,0.3345,1.9895
2026-07-13 21:30:00+00:00,0.6657,0.3343,1.9913
2026-07-13 21:35:00+00:00,0.6656,0.3344,1.9904
2026-07-13 21:40:00+00:00,0.6656,0.3344,1.9904
2026-07-13 21:45:00+00:00,0.6657,0.3343,1.9913
2026-07-13 21:50:00+00:00,0.6662,0.3338,1.9958
2026-07-13 21:55:00+00:00,0.6664,0.3336,1.9976
2026-07-13 22:00:00+00:00,0.6667,0.3333,2.0003
2026-07-13 22:05:00+00:00,0.6669,0.3331,2.0021
2026-07-13 22:10:00+00:00,0.667,0.333,2.003
2026-07-13 22:15:00+00:00,0.6671,0.3329,2.0039
2026-07-13 22:20:00+00:00,0.6673,0.3327,2.0057
2026-07-13 22:25:00+00:00,0.6675,0.3325,2.0075
2026-07-13 22:30:00+00:00,0.6674,0.3326,2.0066
2026-07-13 22:35:00+00:00,0.6676,0.3324,2.0084
2026-07-13 22:40:00+00:00,0.6676,0.3324,2.0084
2026-07-13 22:45:00+00:00,0.6678,0.3322,2.0102
2026-07-13 22:50:00+00:00,0.6678,0.3322,2.0102
2026-07-13 22:55:00+00:00,0.6677,0.3323,2.0093
2026-07-13 23:00:00+00:00,0.6682,0.3318,2.0139
2026-07-13 23:05:00+00:00,0.6685,0.3315,2.0166
2026-07-13 23:10:00+00:00,0.6688,0.3312,2.0193
2026-07-13 23:15:00+00:00,0.6689,0.3311,2.0202
2026-07-13 23:20:00+00:00,0.6691,0.3309,2.0221
2026-07-13 23:25:00+00:00,0.6697,0.3303,2.0276
2026-07-13 23:30:00+00:00,0.6699,0.3301,2.0294
2026-07-13 23:35:00+00:00,0.6697,0.3303,2.0276
2026-07-13 23:40:00+00:00,0.6697,0.3303,2.0276
2026-07-13 23:45:00+00:00,0.6693,0.3307,2.0239
2026-07-13 23:50:00+00:00,0.6697,0.3303,2.0276
2026-07-13 23:55:00+00:00,0.6691,0.3309,2.0221
2026-07-14 00:00:00+00:00,0.6693,0.3307,2.0239
2026-07-14 00:05:00+00:00,0.6677,0.3323,2.0093
2026-07-14 00:10:00+00:00,0.6672,0.3328,2.0048
2026-07-14 00:15:00+00:00,0.6666,0.3334,1.9994
2026-07-14 00:20:00+00:00,0.6665,0.3335,1.9985
2026-07-14 00:25:00+00:00,0.6664,0.3336,1.9976
2026-07-14 00:30:00+00:00,0.6662,0.3338,1.9958
2026-07-14 00:35:00+00:00,0.666,0.334,1.994
2026-07-14 00:40:00+00:00,0.666,0.334,1.994
2026-07-14 00:45:00+00:00,0.6656,0.3344,1.9904
2026-07-14 00:50:00+00:00,0.6655,0.3345,1.9895
2026-07-14 00:55:00+00:00,0.6655,0.3345,1.9895
2026-07-14 01:00:00+00:00,0.6659,0.3341,1.9931
2026-07-14 01:05:00+00:00,0.6655,0.3345,1.9895
2026-07-14 01:10:00+00:00,0.6653,0.3347,1.9878
2026-07-14 01:15:00+00:00,0.6651,0.3349,1.986
2026-07-14 01:20:00+00:00,0.6651,0.3349,1.986
2026-07-14 01:25:00+00:00,0.6652,0.3348,1.9869
2026-07-14 01:30:00+00:00,0.6651,0.3349,1.986
2026-07-14 01:35:00+00:00,0.6647,0.3353,1.9824
2026-07-14 01:40:00+00:00,0.6642,0.3358,1.978
2026-07-14 01:45:00+00:00,0.6638,0.3362,1.9744
2026-07-14 01:50:00+00:00,0.6635,0.3365,1.9718
2026-07-14 01:55:00+00:00,0.6546,0.3454,1.8952
2026-07-14 02:00:00+00:00,0.6546,0.3454,1.8952
2026-07-14 02:05:00+00:00,0.6543,0.3457,1.8927
2026-07-14 02:10:00+00:00,0.6543,0.3457,1.8927
2026-07-14 02:15:00+00:00,0.6539,0.3461,1.8893
2026-07-14 02:20:00+00:00,0.6534,0.3466,1.8852
2026-07-14 02:25:00+00:00,0.6546,0.3454,1.8952
2026-07-14 02:30:00+00:00,0.6546,0.3454,1.8952
2026-07-14 02:35:00+00:00,0.6541,0.3459,1.891
2026-07-14 02:40:00+00:00,0.6539,0.3461,1.8893
2026-07-14 02:45:00+00:00,0.6539,0.3461,1.8893
2026-07-14 02:50:00+00:00,0.6537,0.3463,1.8877
2026-07-14 02:55:00+00:00,0.6534,0.3466,1.8852
2026-07-14 03:00:00+00:00,0.6531,0.3469,1.8827
2026-07-14 03:05:00+00:00,0.653,0.347,1.8818
2026-07-14 03:10:00+00:00,0.652,0.348,1.8736
2026-07-14 03:15:00+00:00,0.6521,0.3479,1.8744
2026-07-14 03:20:00+00:00,0.6517,0.3483,1.8711
2026-07-14 03:25:00+00:00,0.6518,0.3482,1.8719
2026-07-14 03:30:00+00:00,0.6524,0.3476,1.8769
2026-07-14 03:35:00+00:00,0.6522,0.3478,1.8752
2026-07-14 03:40:00+00:00,0.6521,0.3479,1.8744
2026-07-14 03:45:00+00:00,0.6521,0.3479,1.8744
2026-07-14 03:50:00+00:00,0.652,0.348,1.8736
2026-07-14 03:55:00+00:00,0.652,0.348,1.8736
2026-07-14 04:00:00+00:00,0.652,0.348,1.8736
2026-07-14 04:05:00+00:00,0.6523,0.3477,1.876
2026-07-14 04:10:00+00:00,0.6518,0.3482,1.8719
2026-07-14 04:15:00+00:00,0.6515,0.3485,1.8694
2026-07-14 04:20:00+00:00,0.6513,0.3487,1.8678
2026-07-14 04:25:00+00:00,0.6513,0.3487,1.8678
2026-07-14 04:30:00+00:00,0.6515,0.3485,1.8694
2026-07-14 04:35:00+00:00,0.6515,0.3485,1.8694
2026-07-14 04:40:00+00:00,0.6522,0.3478,1.8752
2026-07-14 04:45:00+00:00,0.6518,0.3482,1.8719
2026-07-14 04:50:00+00:00,0.6516,0.3484,1.8703
2026-07-14 04:55:00+00:00,0.6512,0.3488,1.867
2026-07-14 05:00:00+00:00,0.6511,0.3489,1.8662
2026-07-14 05:05:00+00:00,0.6506,0.3494,1.862
2026-07-14 05:10:00+00:00,0.6492,0.3508,1.8506
2026-07-14 05:15:00+00:00,0.6489,0.3511,1.8482
2026-07-14 05:20:00+00:00,0.6485,0.3515,1.845
2026-07-14 05:25:00+00:00,0.6483,0.3517,1.8433
2026-07-14 05:30:00+00:00,0.6483,0.3517,1.8433
2026-07-14 05:35:00+00:00,0.6482,0.3518,1.8425
2026-07-14 05:40:00+00:00,0.6474,0.3526,1.8361
2026-07-14 05:45:00+00:00,0.6467,0.3533,1.8305
2026-07-14 05:50:00+00:00,0.646,0.354,1.8249
2026-07-14 05:55:00+00:00,0.6455,0.3545,1.8209
2026-07-14 06:00:00+00:00,0.6451,0.3549,1.8177
2026-07-14 06:05:00+00:00,0.6447,0.3553,1.8145
2026-07-14 06:10:00+00:00,0.6442,0.3558,1.8106
2026-07-14 06:15:00+00:00,0.644,0.356,1.809
2026-07-14 06:20:00+00:00,0.6438,0.3562,1.8074
2026-07-14 06:25:00+00:00,0.6439,0.3561,1.8082
2026-07-14 06:30:00+00:00,0.6438,0.3562,1.8074
2026-07-14 06:35:00+00:00,0.644,0.356,1.809
2026-07-14 06:40:00+00:00,0.6439,0.3561,1.8082
2026-07-14 06:45:00+00:00,0.6457,0.3543,1.8225
2026-07-14 06:50:00+00:00,0.6455,0.3545,1.8209
2026-07-14 06:55:00+00:00,0.6453,0.3547,1.8193
2026-07-14 07:00:00+00:00,0.6461,0.3539,1.8257
2026-07-14 07:05:00+00:00,0.6458,0.3542,1.8233
2026-07-14 07:10:00+00:00,0.646,0.354,1.8249
2026-07-14 07:15:00+00:00,0.6451,0.3549,1.8177
2026-07-14 07:20:00+00:00,0.645,0.355,1.8169
2026-07-14 07:25:00+00:00,0.645,0.355,1.8169
2026-07-14 07:30:00+00:00,0.6451,0.3549,1.8177
2026-07-14 07:35:00+00:00,0.6452,0.3548,1.8185
2026-07-14 07:40:00+00:00,0.6451,0.3549,1.8177
2026-07-14 07:45:00+00:00,0.6439,0.3561,1.8082
2026-07-14 07:50:00+00:00,0.6435,0.3565,1.805
2026-07-14 07:55:00+00:00,0.6437,0.3563,1.8066
2026-07-14 08:00:00+00:00,0.6437,0.3563,1.8066
2026-07-14 08:05:00+00:00,0.6436,0.3564,1.8058
2026-07-14 08:10:00+00:00,0.6436,0.3564,1.8058
2026-07-14 08:15:00+00:00,0.6435,0.3565,1.805
2026-07-14 08:20:00+00:00,0.644,0.356,1.809
2026-07-14 08:25:00+00:00,0.6441,0.3559,1.8098
2026-07-14 08:30:00+00:00,0.6448,0.3552,1.8153
2026-07-14 08:35:00+00:00,0.6451,0.3549,1.8177
2026-07-14 08:40:00+00:00,0.6453,0.3547,1.8193
2026-07-14 08:45:00+00:00,0.6452,0.3548,1.8185
2026-07-14 08:50:00+00:00,0.6449,0.3551,1.8161
2026-07-14 08:55:00+00:00,0.6448,0.3552,1.8153
2026-07-14 09:00:00+00:00,0.6448,0.3552,1.8153
2026-07-14 09:05:00+00:00,0.6447,0.3553,1.8145
2026-07-14 09:10:00+00:00,0.6446,0.3554,1.8137
2026-07-14 09:15:00+00:00,0.6444,0.3556,1.8121
2026-07-14 09:20:00+00:00,0.6442,0.3558,1.8106
2026-07-14 09:25:00+00:00,0.644,0.356,1.809
2026-07-14 09:30:00+00:00,0.6439,0.3561,1.8082
2026-07-14 09:35:00+00:00,0.6435,0.3565,1.805
2026-07-14 09:40:00+00:00,0.6431,0.3569,1.8019
2026-07-14 09:45:00+00:00,0.643,0.357,1.8011
2026-07-14 09:50:00+00:00,0.6428,0.3572,1.7996
2026-07-14 09:55:00+00:00,0.6428,0.3572,1.7996
2026-07-14 10:00:00+00:00,0.6429,0.3571,1.8003
2026-07-14 10:05:00+00:00,0.643,0.357,1.8011
2026-07-14 10:10:00+00:00,0.643,0.357,1.8011
2026-07-14 10:15:00+00:00,0.6429,0.3571,1.8003
2026-07-14 10:20:00+00:00,0.6428,0.3572,1.7996
2026-07-14 10:25:00+00:00,0.6424,0.3576,1.7964
2026-07-14 10:30:00+00:00,0.6424,0.3576,1.7964
2026-07-14 10:35:00+00:00,0.6421,0.3579,1.7941
2026-07-14 10:40:00+00:00,0.6421,0.3579,1.7941
2026-07-14 10:45:00+00:00,0.6413,0.3587,1.7878
2026-07-14 10:50:00+00:00,0.6417,0.3583,1.791
2026-07-14 10:55:00+00:00,0.6414,0.3586,1.7886
2026-07-14 11:00:00+00:00,0.6412,0.3588,1.7871
2026-07-14 11:05:00+00:00,0.6409,0.3591,1.7847
2026-07-14 11:10:00+00:00,0.6407,0.3593,1.7832
2026-07-14 11:15:00+00:00,0.6407,0.3593,1.7832
2026-07-14 11:20:00+00:00,0.6405,0.3595,1.7816
2026-07-14 11:25:00+00:00,0.6404,0.3596,1.7809
2026-07-14 11:30:00+00:00,0.6406,0.3594,1.7824
2026-07-14 11:35:00+00:00,0.6441,0.3559,1.8098
2026-07-14 11:40:00+00:00,0.6439,0.3561,1.8082
2026-07-14 11:45:00+00:00,0.6438,0.3562,1.8074
2026-07-14 11:50:00+00:00,0.6436,0.3564,1.8058
2026-07-14 11:55:00+00:00,0.6435,0.3565,1.805
2026-07-14 12:00:00+00:00,0.6433,0.3567,1.8035
2026-07-14 12:05:00+00:00,0.6429,0.3571,1.8003
2026-07-14 12:10:00+00:00,0.642,0.358,1.7933
2026-07-14 12:15:00+00:00,0.6419,0.3581,1.7925
2026-07-14 12:20:00+00:00,0.6408,0.3592,1.784
2026-07-14 12:25:00+00:00,0.6409,0.3591,1.7847
2026-07-14 12:30:00+00:00,0.64,0.36,1.7778
2026-07-14 12:35:00+00:00,0.6343,0.3657,1.7345
2026-07-14 12:40:00+00:00,0.6295,0.3705,1.6991
2026-07-14 12:45:00+00:00,0.6293,0.3707,1.6976
2026-07-14 12:50:00+00:00,0.6262,0.3738,1.6752
2026-07-14 12:55:00+00:00,0.6242,0.3758,1.661
2026-07-14 13:00:00+00:00,0.6217,0.3783,1.6434
2026-07-14 13:05:00+00:00,0.6192,0.3808,1.6261
2026-07-14 13:10:00+00:00,0.6171,0.3829,1.6116
2026-07-14 13:15:00+00:00,0.6155,0.3845,1.6008
2026-07-14 13:20:00+00:00,0.6138,0.3862,1.5893
2026-07-14 13:25:00+00:00,0.6137,0.3863,1.5887
2026-07-14 13:30:00+00:00,0.6112,0.3888,1.572
2026-07-14 13:35:00+00:00,0.6111,0.3889,1.5714
2026-07-14 13:40:00+00:00,0.6107,0.3893,1.5687
2026-07-14 13:45:00+00:00,0.6081,0.3919,1.5517
2026-07-14 13:50:00+00:00,0.6041,0.3959,1.5259
2026-07-14 13:55:00+00:00,0.6035,0.3965,1.5221
2026-07-14 14:00:00+00:00,0.6031,0.3969,1.5195
2026-07-14 14:05:00+00:00,0.6055,0.3945,1.5349
2026-07-14 14:10:00+00:00,0.6051,0.3949,1.5323
2026-07-14 14:15:00+00:00,0.6042,0.3958,1.5265
2026-07-14 14:20:00+00:00,0.6026,0.3974,1.5164
2026-07-14 14:25:00+00:00,0.603,0.397,1.5189
2026-07-14 14:30:00+00:00,0.6021,0.3979,1.5132
2026-07-14 14:35:00+00:00,0.6016,0.3984,1.51
2026-07-14 14:40:00+00:00,0.599,0.401,1.4938
2026-07-14 14:45:00+00:00,0.5982,0.4018,1.4888
2026-07-14 14:50:00+00:00,0.5984,0.4016,1.49
2026-07-14 14:55:00+00:00,0.5978,0.4022,1.4863
2026-07-14 15:00:00+00:00,0.5964,0.4036,1.4777
2026-07-14 15:05:00+00:00,0.5944,0.4056,1.4655
2026-07-14 15:10:00+00:00,0.5909,0.4091,1.4444
2026-07-14 15:15:00+00:00,0.5895,0.4105,1.4361
2026-07-14 15:20:00+00:00,0.5905,0.4095,1.442
2026-07-14 15:25:00+00:00,0.5894,0.4106,1.4355
2026-07-14 15:30:00+00:00,0.5867,0.4133,1.4195
2026-07-14 15:35:00+00:00,0.5859,0.4141,1.4149
2026-07-14 15:40:00+00:00,0.5829,0.4171,1.3975
2026-07-14 15:45:00+00:00,0.5807,0.4193,1.3849
2026-07-14 15:50:00+00:00,0.5798,0.4202,1.3798
2026-07-14 15:55:00+00:00,0.5778,0.4222,1.3685
2026-07-14 16:00:00+00:00,0.5766,0.4234,1.3618
2026-07-14 16:05:00+00:00,0.5765,0.4235,1.3613
2026-07-14 16:10:00+00:00,0.575,0.425,1.3529
2026-07-14 16:15:00+00:00,0.5743,0.4257,1.3491
2026-07-14 16:20:00+00:00,0.573,0.427,1.3419
2026-07-14 16:25:00+00:00,0.5727,0.4273,1.3403
2026-07-14 16:30:00+00:00,0.5722,0.4278,1.3375
2026-07-14 16:35:00+00:00,0.5717,0.4283,1.3348
2026-07-14 16:40:00+00:00,0.5711,0.4289,1.3315
2026-07-14 16:45:00+00:00,0.5704,0.4296,1.3277
2026-07-14 16:50:00+00:00,0.5693,0.4307,1.3218
2026-07-14 16:55:00+00:00,0.5689,0.4311,1.3196
2026-07-14 17:00:00+00:00,0.5685,0.4315,1.3175
2026-07-14 17:05:00+00:00,0.5674,0.4326,1.3116
2026-07-14 17:10:00+00:00,0.5663,0.4337,1.3057
2026-07-14 17:15:00+00:00,0.5679,0.4321,1.3143
2026-07-14 17:20:00+00:00,0.5675,0.4325,1.3121
2026-07-14 17:25:00+00:00,0.5672,0.4328,1.3105
2026-07-14 17:30:00+00:00,0.5674,0.4326,1.3116
2026-07-14 17:35:00+00:00,0.5671,0.4329,1.31
2026-07-14 17:40:00+00:00,0.5668,0.4332,1.3084
2026-07-14 17:45:00+00:00,0.5667,0.4333,1.3079
2026-07-14 17:50:00+00:00,0.5665,0.4335,1.3068
2026-07-14 17:55:00+00:00,0.5667,0.4333,1.3079
2026-07-14 18:00:00+00:00,0.5669,0.4331,1.3089
2026-07-14 18:05:00+00:00,0.5667,0.4333,1.3079
2026-07-14 18:10:00+00:00,0.5664,0.4336,1.3063
2026-07-14 18:15:00+00:00,0.5661,0.4339,1.3047
2026-07-14 18:20:00+00:00,0.566,0.434,1.3041
2026-07-14 18:25:00+00:00,0.5658,0.4342,1.3031
2026-07-14 18:30:00+00:00,0.5657,0.4343,1.3026
2026-07-14 18:35:00+00:00,0.5657,0.4343,1.3026
2026-07-14 18:40:00+00:00,0.5663,0.4337,1.3057
2026-07-14 18:45:00+00:00,0.5664,0.4336,1.3063
2026-07-14 18:50:00+00:00,0.5665,0.4335,1.3068
2026-07-14 18:55:00+00:00,0.5664,0.4336,1.3063
2026-07-14 19:00:00+00:00,0.5663,0.4337,1.3057
2026-07-14 19:05:00+00:00,0.5662,0.4338,1.3052
2026-07-14 19:10:00+00:00,0.5662,0.4338,1.3052
2026-07-14 19:15:00+00:00,0.5662,0.4338,1.3052
2026-07-14 19:20:00+00:00,0.5662,0.4338,1.3052
2026-07-14 19:25:00+00:00,0.5663,0.4337,1.3057
2026-07-14 19:30:00+00:00,0.5662,0.4338,1.3052
2026-07-14 19:35:00+00:00,0.566,0.434,1.3041
2026-07-14 19:40:00+00:00,0.5657,0.4343,1.3026
2026-07-14 19:45:00+00:00,0.5657,0.4343,1.3026
2026-07-14 19:50:00+00:00,0.5657,0.4343,1.3026
2026-07-14 19:55:00+00:00,0.5657,0.4343,1.3026
2026-07-14 20:00:00+00:00,0.5657,0.4343,1.3026
2026-07-14 20:05:00+00:00,0.5656,0.4344,1.302
2026-07-14 20:10:00+00:00,0.5655,0.4345,1.3015
2026-07-14 20:15:00+00:00,0.5654,0.4346,1.301
2026-07-14 20:20:00+00:00,0.5651,0.4349,1.2994
2026-07-14 20:25:00+00:00,0.5651,0.4349,1.2994
2026-07-14 20:30:00+00:00,0.5661,0.4339,1.3047
2026-07-14 20:35:00+00:00,0.566,0.434,1.3041
2026-07-14 20:40:00+00:00,0.5657,0.4343,1.3026
2026-07-14 20:45:00+00:00,0.5653,0.4347,1.3004
2026-07-14 20:50:00+00:00,0.5655,0.4345,1.3015
2026-07-14 20:55:00+00:00,0.5655,0.4345,1.3015
2026-07-14 21:00:00+00:00,0.5655,0.4345,1.3015
2026-07-14 21:05:00+00:00,0.5655,0.4345,1.3015
2026-07-14 21:10:00+00:00,0.5657,0.4343,1.3026
2026-07-14 21:15:00+00:00,0.5659,0.4341,1.3036
2026-07-14 21:20:00+00:00,0.5659,0.4341,1.3036
2026-07-14 21:25:00+00:00,0.5658,0.4342,1.3031
2026-07-14 21:30:00+00:00,0.5659,0.4341,1.3036
2026-07-14 21:35:00+00:00,0.5659,0.4341,1.3036
2026-07-14 21:40:00+00:00,0.5656,0.4344,1.302
2026-07-14 21:45:00+00:00,0.5655,0.4345,1.3015
2026-07-14 21:50:00+00:00,0.5652,0.4348,1.2999
2026-07-14 21:55:00+00:00,0.5651,0.4349,1.2994
2026-07-14 22:00:00+00:00,0.565,0.435,1.2989
2026-07-14 22:05:00+00:00,0.5655,0.4345,1.3015
2026-07-14 22:10:00+00:00,0.5655,0.4345,1.3015
2026-07-14 22:15:00+00:00,0.5653,0.4347,1.3004
2026-07-14 22:20:00+00:00,0.5647,0.4353,1.2973
2026-07-14 22:25:00+00:00,0.5662,0.4338,1.3052
2026-07-14 22:30:00+00:00,0.5658,0.4342,1.3031
2026-07-14 22:35:00+00:00,0.566,0.434,1.3041
2026-07-14 22:40:00+00:00,0.5656,0.4344,1.302
2026-07-14 22:45:00+00:00,0.5654,0.4346,1.301
2026-07-14 22:50:00+00:00,0.5649,0.4351,1.2983
2026-07-14 22:55:00+00:00,0.5644,0.4356,1.2957
2026-07-14 23:00:00+00:00,0.5641,0.4359,1.2941
2026-07-14 23:05:00+00:00,0.5646,0.4354,1.2967
2026-07-14 23:10:00+00:00,0.5646,0.4354,1.2967
2026-07-14 23:15:00+00:00,0.5644,0.4356,1.2957
2026-07-14 23:20:00+00:00,0.5637,0.4363,1.292
2026-07-14 23:25:00+00:00,0.5635,0.4365,1.291
2026-07-14 23:30:00+00:00,0.5633,0.4367,1.2899
2026-07-14 23:35:00+00:00,0.5633,0.4367,1.2899
2026-07-14 23:40:00+00:00,0.5633,0.4367,1.2899
2026-07-14 23:45:00+00:00,0.5632,0.4368,1.2894
2026-07-14 23:50:00+00:00,0.5628,0.4372,1.2873
2026-07-14 23:55:00+00:00,0.5627,0.4373,1.2868
2026-07-15 00:00:00+00:00,0.5626,0.4374,1.2862
2026-07-15 00:05:00+00:00,0.5626,0.4374,1.2862
2026-07-15 00:10:00+00:00,0.5615,0.4385,1.2805
2026-07-15 00:15:00+00:00,0.562,0.438,1.2831
2026-07-15 00:20:00+00:00,0.5612,0.4388,1.2789
2026-07-15 00:25:00+00:00,0.5611,0.4389,1.2784
2026-07-15 00:30:00+00:00,0.5606,0.4394,1.2758
2026-07-15 00:35:00+00:00,0.561,0.439,1.2779
2026-07-15 00:40:00+00:00,0.5607,0.4393,1.2763
2026-07-15 00:45:00+00:00,0.5604,0.4396,1.2748
2026-07-15 00:50:00+00:00,0.5604,0.4396,1.2748
2026-07-15 00:55:00+00:00,0.5603,0.4397,1.2743
2026-07-15 01:00:00+00:00,0.5605,0.4395,1.2753
2026-07-15 01:05:00+00:00,0.5601,0.4399,1.2732
2026-07-15 01:10:00+00:00,0.5611,0.4389,1.2784
2026-07-15 01:15:00+00:00,0.5607,0.4393,1.2763
2026-07-15 01:20:00+00:00,0.5615,0.4385,1.2805
2026-07-15 01:25:00+00:00,0.5614,0.4386,1.28
2026-07-15 01:30:00+00:00,0.5613,0.4387,1.2795
2026-07-15 01:35:00+00:00,0.5613,0.4387,1.2795
2026-07-15 01:40:00+00:00,0.5611,0.4389,1.2784
2026-07-15 01:45:00+00:00,0.5605,0.4395,1.2753
2026-07-15 01:50:00+00:00,0.5601,0.4399,1.2732
2026-07-15 01:55:00+00:00,0.56,0.44,1.2727
2026-07-15 02:00:00+00:00,0.5598,0.4402,1.2717
2026-07-15 02:05:00+00:00,0.5599,0.4401,1.2722
2026-07-15 02:10:00+00:00,0.56,0.44,1.2727
2026-07-15 02:15:00+00:00,0.5603,0.4397,1.2743
2026-07-15 02:20:00+00:00,0.56,0.44,1.2727
2026-07-15 02:25:00+00:00,0.5599,0.4401,1.2722
2026-07-15 02:30:00+00:00,0.5603,0.4397,1.2743
2026-07-15 02:35:00+00:00,0.5611,0.4389,1.2784
2026-07-15 02:40:00+00:00,0.575,0.425,1.3529
2026-07-15 02:45:00+00:00,0.5753,0.4247,1.3546
2026-07-15 02:50:00+00:00,0.5755,0.4245,1.3557
2026-07-15 02:55:00+00:00,0.5754,0.4246,1.3552
2026-07-15 03:00:00+00:00,0.5753,0.4247,1.3546
2026-07-15 03:05:00+00:00,0.5752,0.4248,1.354
2026-07-15 03:10:00+00:00,0.5759,0.4241,1.3579
2026-07-15 03:15:00+00:00,0.576,0.424,1.3585
2026-07-15 03:20:00+00:00,0.5752,0.4248,1.354
2026-07-15 03:25:00+00:00,0.5752,0.4248,1.354
2026-07-15 03:30:00+00:00,0.5752,0.4248,1.354
2026-07-15 03:35:00+00:00,0.576,0.424,1.3585
2026-07-15 03:40:00+00:00,0.5767,0.4233,1.3624
2026-07-15 03:45:00+00:00,0.5768,0.4232,1.3629
2026-07-15 03:50:00+00:00,0.5769,0.4231,1.3635
2026-07-15 03:55:00+00:00,0.5773,0.4227,1.3657
2026-07-15 04:00:00+00:00,0.5775,0.4225,1.3669
2026-07-15 04:05:00+00:00,0.5775,0.4225,1.3669
2026-07-15 04:10:00+00:00,0.5763,0.4237,1.3602
2026-07-15 04:15:00+00:00,0.5764,0.4236,1.3607
2026-07-15 04:20:00+00:00,0.5762,0.4238,1.3596
2026-07-15 04:25:00+00:00,0.5761,0.4239,1.359
2026-07-15 04:30:00+00:00,0.5758,0.4242,1.3574
2026-07-15 04:35:00+00:00,0.5754,0.4246,1.3552
2026-07-15 04:40:00+00:00,0.5752,0.4248,1.354
2026-07-15 04:45:00+00:00,0.5753,0.4247,1.3546
2026-07-15 04:50:00+00:00,0.5753,0.4247,1.3546
2026-07-15 04:55:00+00:00,0.5753,0.4247,1.3546
2026-07-15 05:00:00+00:00,0.5751,0.4249,1.3535
2026-07-15 05:05:00+00:00,0.5748,0.4252,1.3518
2026-07-15 05:10:00+00:00,0.5743,0.4257,1.3491
2026-07-15 05:15:00+00:00,0.5741,0.4259,1.348
2026-07-15 05:20:00+00:00,0.574,0.426,1.3474
2026-07-15 05:25:00+00:00,0.5742,0.4258,1.3485
2026-07-15 05:30:00+00:00,0.5742,0.4258,1.3485
2026-07-15 05:35:00+00:00,0.5742,0.4258,1.3485
2026-07-15 05:40:00+00:00,0.5745,0.4255,1.3502
2026-07-15 05:45:00+00:00,0.5745,0.4255,1.3502
2026-07-15 05:50:00+00:00,0.5746,0.4254,1.3507
2026-07-15 05:55:00+00:00,0.5748,0.4252,1.3518
2026-07-15 06:00:00+00:00,0.5741,0.4259,1.348
2026-07-15 06:05:00+00:00,0.574,0.426,1.3474
2026-07-15 06:10:00+00:00,0.5739,0.4261,1.3469
2026-07-15 06:15:00+00:00,0.5722,0.4278,1.3375
2026-07-15 06:20:00+00:00,0.5718,0.4282,1.3354
2026-07-15 06:25:00+00:00,0.5713,0.4287,1.3326
2026-07-15 06:30:00+00:00,0.5708,0.4292,1.3299
2026-07-15 06:35:00+00:00,0.5734,0.4266,1.3441
2026-07-15 06:40:00+00:00,0.5744,0.4256,1.3496
2026-07-15 06:45:00+00:00,0.574,0.426,1.3474
2026-07-15 06:50:00+00:00,0.5736,0.4264,1.3452
2026-07-15 06:55:00+00:00,0.5729,0.4271,1.3414
2026-07-15 07:00:00+00:00,0.5728,0.4272,1.3408
2026-07-15 07:05:00+00:00,0.5729,0.4271,1.3414
2026-07-15 07:10:00+00:00,0.573,0.427,1.3419
2026-07-15 07:15:00+00:00,0.5737,0.4263,1.3458
2026-07-15 07:20:00+00:00,0.5739,0.4261,1.3469
2026-07-15 07:25:00+00:00,0.5732,0.4268,1.343
2026-07-15 07:30:00+00:00,0.5744,0.4256,1.3496
2026-07-15 07:35:00+00:00,0.5753,0.4247,1.3546
2026-07-15 07:40:00+00:00,0.576,0.424,1.3585
2026-07-15 07:45:00+00:00,0.5762,0.4238,1.3596
2026-07-15 07:50:00+00:00,0.5761,0.4239,1.359
2026-07-15 07:55:00+00:00,0.5763,0.4237,1.3602
2026-07-15 08:00:00+00:00,0.5764,0.4236,1.3607
2026-07-15 08:05:00+00:00,0.5771,0.4229,1.3646
2026-07-15 08:10:00+00:00,0.5772,0.4228,1.3652
2026-07-15 08:15:00+00:00,0.5772,0.4228,1.3652
2026-07-15 08:20:00+00:00,0.5773,0.4227,1.3657
2026-07-15 08:25:00+00:00,0.5772,0.4228,1.3652
2026-07-15 08:30:00+00:00,0.5774,0.4226,1.3663
2026-07-15 08:35:00+00:00,0.5778,0.4222,1.3685
2026-07-15 08:40:00+00:00,0.5784,0.4216,1.3719
2026-07-15 08:45:00+00:00,0.5787,0.4213,1.3736
2026-07-15 08:50:00+00:00,0.5789,0.4211,1.3747
2026-07-15 08:55:00+00:00,0.5789,0.4211,1.3747
2026-07-15 09:00:00+00:00,0.5788,0.4212,1.3742
2026-07-15 09:05:00+00:00,0.5789,0.4211,1.3747
2026-07-15 09:10:00+00:00,0.5789,0.4211,1.3747
2026-07-15 09:15:00+00:00,0.5794,0.4206,1.3776
2026-07-15 09:20:00+00:00,0.5793,0.4207,1.377
2026-07-15 09:25:00+00:00,0.5791,0.4209,1.3759
2026-07-15 09:30:00+00:00,0.5787,0.4213,1.3736
2026-07-15 09:35:00+00:00,0.578,0.422,1.3697
2026-07-15 09:40:00+00:00,0.5776,0.4224,1.3674
2026-07-15 09:45:00+00:00,0.5775,0.4225,1.3669
2026-07-15 09:50:00+00:00,0.5775,0.4225,1.3669
2026-07-15 09:55:00+00:00,0.5772,0.4228,1.3652
2026-07-15 10:00:00+00:00,0.577,0.423,1.3641
2026-07-15 10:05:00+00:00,0.5773,0.4227,1.3657
2026-07-15 10:10:00+00:00,0.5776,0.4224,1.3674
2026-07-15 10:15:00+00:00,0.5778,0.4222,1.3685
2026-07-15 10:20:00+00:00,0.5777,0.4223,1.368
2026-07-15 10:25:00+00:00,0.5778,0.4222,1.3685
2026-07-15 10:30:00+00:00,0.5777,0.4223,1.368
2026-07-15 10:35:00+00:00,0.5777,0.4223,1.368
2026-07-15 10:40:00+00:00,0.5778,0.4222,1.3685
2026-07-15 10:45:00+00:00,0.578,0.422,1.3697
2026-07-15 10:50:00+00:00,0.5773,0.4227,1.3657
2026-07-15 10:55:00+00:00,0.5775,0.4225,1.3669
2026-07-15 11:00:00+00:00,0.5776,0.4224,1.3674
2026-07-15 11:05:00+00:00,0.5781,0.4219,1.3702
2026-07-15 11:10:00+00:00,0.5782,0.4218,1.3708
2026-07-15 11:15:00+00:00,0.5783,0.4217,1.3714
2026-07-15 11:20:00+00:00,0.5785,0.4215,1.3725
2026-07-15 11:25:00+00:00,0.5785,0.4215,1.3725
2026-07-15 11:30:00+00:00,0.5785,0.4215,1.3725
2026-07-15 11:35:00+00:00,0.5785,0.4215,1.3725
2026-07-15 11:40:00+00:00,0.5788,0.4212,1.3742
2026-07-15 11:45:00+00:00,0.579,0.421,1.3753
2026-07-15 11:50:00+00:00,0.5792,0.4208,1.3764
2026-07-15 11:55:00+00:00,0.5792,0.4208,1.3764
2026-07-15 12:00:00+00:00,0.5797,0.4203,1.3793
2026-07-15 12:05:00+00:00,0.5796,0.4204,1.3787
2026-07-15 12:10:00+00:00,0.5798,0.4202,1.3798
2026-07-15 12:15:00+00:00,0.5796,0.4204,1.3787
2026-07-15 12:20:00+00:00,0.5801,0.4199,1.3815
2026-07-15 12:25:00+00:00,0.5802,0.4198,1.3821
2026-07-15 12:30:00+00:00,0.5802,0.4198,1.3821
2026-07-15 12:35:00+00:00,0.5809,0.4191,1.3861
2026-07-15 12:40:00+00:00,0.5814,0.4186,1.3889
2026-07-15 12:45:00+00:00,0.5817,0.4183,1.3906
2026-07-15 12:50:00+00:00,0.5808,0.4192,1.3855
2026-07-15 12:55:00+00:00,0.5812,0.4188,1.3878
2026-07-15 13:00:00+00:00,0.5809,0.4191,1.3861
2026-07-15 13:05:00+00:00,0.5844,0.4156,1.4062
2026-07-15 13:10:00+00:00,0.5839,0.4161,1.4033
2026-07-15 13:15:00+00:00,0.583,0.417,1.3981
2026-07-15 13:20:00+00:00,0.5818,0.4182,1.3912
2026-07-15 13:25:00+00:00,0.5802,0.4198,1.3821
2026-07-15 13:30:00+00:00,0.5791,0.4209,1.3759
2026-07-15 13:35:00+00:00,0.5764,0.4236,1.3607
2026-07-15 13:40:00+00:00,0.576,0.424,1.3585
2026-07-15 13:45:00+00:00,0.5766,0.4234,1.3618
2026-07-15 13:50:00+00:00,0.5751,0.4249,1.3535
2026-07-15 13:55:00+00:00,0.5765,0.4235,1.3613
2026-07-15 14:00:00+00:00,0.5791,0.4209,1.3759
2026-07-15 14:05:00+00:00,0.5794,0.4206,1.3776
2026-07-15 14:10:00+00:00,0.5788,0.4212,1.3742
2026-07-15 14:15:00+00:00,0.5778,0.4222,1.3685
2026-07-15 14:20:00+00:00,0.5769,0.4231,1.3635
2026-07-15 14:25:00+00:00,0.5759,0.4241,1.3579
2026-07-15 14:30:00+00:00,0.5754,0.4246,1.3552
2026-07-15 14:35:00+00:00,0.5747,0.4253,1.3513
2026-07-15 14:40:00+00:00,0.5737,0.4263,1.3458
2026-07-15 14:45:00+00:00,0.5729,0.4271,1.3414
2026-07-15 14:50:00+00:00,0.5723,0.4277,1.3381
2026-07-15 14:55:00+00:00,0.5721,0.4279,1.337
2026-07-15 15:00:00+00:00,0.5719,0.4281,1.3359
2026-07-15 15:05:00+00:00,0.5712,0.4288,1.3321
2026-07-15 15:10:00+00:00,0.5709,0.4291,1.3305
2026-07-15 15:15:00+00:00,0.5706,0.4294,1.3288
2026-07-15 15:20:00+00:00,0.5702,0.4298,1.3267
2026-07-15 15:25:00+00:00,0.5698,0.4302,1.3245
2026-07-15 15:30:00+00:00,0.5697,0.4303,1.324
2026-07-15 15:35:00+00:00,0.5693,0.4307,1.3218
2026-07-15 15:40:00+00:00,0.5689,0.4311,1.3196
2026-07-15 15:45:00+00:00,0.5686,0.4314,1.318
2026-07-15 15:50:00+00:00,0.568,0.432,1.3148
2026-07-15 15:55:00+00:00,0.5681,0.4319,1.3154
2026-07-15 16:00:00+00:00,0.5674,0.4326,1.3116
2026-07-15 16:05:00+00:00,0.5667,0.4333,1.3079
2026-07-15 16:10:00+00:00,0.5667,0.4333,1.3079
2026-07-15 16:15:00+00:00,0.5667,0.4333,1.3079
2026-07-15 16:20:00+00:00,0.5673,0.4327,1.3111
2026-07-15 16:25:00+00:00,0.5674,0.4326,1.3116
2026-07-15 16:30:00+00:00,0.5678,0.4322,1.3137
2026-07-15 16:35:00+00:00,0.5692,0.4308,1.3213
2026-07-15 16:40:00+00:00,0.5648,0.4352,1.2978
2026-07-15 16:45:00+00:00,0.5664,0.4336,1.3063
2026-07-15 16:50:00+00:00,0.5669,0.4331,1.3089
2026-07-15 16:55:00+00:00,0.5669,0.4331,1.3089
2026-07-15 17:00:00+00:00,0.5667,0.4333,1.3079
2026-07-15 17:05:00+00:00,0.567,0.433,1.3095
2026-07-15 17:10:00+00:00,0.5669,0.4331,1.3089
2026-07-15 17:15:00+00:00,0.567,0.433,1.3095
2026-07-15 17:20:00+00:00,0.5666,0.4334,1.3073
2026-07-15 17:25:00+00:00,0.5668,0.4332,1.3084
2026-07-15 17:30:00+00:00,0.5668,0.4332,1.3084
2026-07-15 17:35:00+00:00,0.5669,0.4331,1.3089
2026-07-15 17:40:00+00:00,0.5665,0.4335,1.3068
2026-07-15 17:45:00+00:00,0.5672,0.4328,1.3105
2026-07-15 17:50:00+00:00,0.5679,0.4321,1.3143
2026-07-15 17:55:00+00:00,0.568,0.432,1.3148
2026-07-15 18:00:00+00:00,0.568,0.432,1.3148
2026-07-15 18:05:00+00:00,0.5682,0.4318,1.3159
2026-07-15 18:10:00+00:00,0.5681,0.4319,1.3154
2026-07-15 18:15:00+00:00,0.5684,0.4316,1.317
2026-07-15 18:20:00+00:00,0.5684,0.4316,1.317
2026-07-15 18:25:00+00:00,0.5686,0.4314,1.318
2026-07-15 18:30:00+00:00,0.5687,0.4313,1.3186
2026-07-15 18:35:00+00:00,0.5687,0.4313,1.3186
2026-07-15 18:40:00+00:00,0.5688,0.4312,1.3191
2026-07-15 18:45:00+00:00,0.5687,0.4313,1.3186
2026-07-15 18:50:00+00:00,0.5686,0.4314,1.318
2026-07-15 18:55:00+00:00,0.5685,0.4315,1.3175
2026-07-15 19:00:00+00:00,0.5683,0.4317,1.3164
2026-07-15 19:05:00+00:00,0.5687,0.4313,1.3186
2026-07-15 19:10:00+00:00,0.5687,0.4313,1.3186
2026-07-15 19:15:00+00:00,0.5688,0.4312,1.3191
2026-07-15 19:20:00+00:00,0.5688,0.4312,1.3191
2026-07-15 19:25:00+00:00,0.5689,0.4311,1.3196
2026-07-15 19:30:00+00:00,0.5693,0.4307,1.3218
2026-07-15 19:35:00+00:00,0.5695,0.4305,1.3229
2026-07-15 19:40:00+00:00,0.5696,0.4304,1.3234
2026-07-15 19:45:00+00:00,0.5697,0.4303,1.324
2026-07-15 19:50:00+00:00,0.5698,0.4302,1.3245
2026-07-15 19:55:00+00:00,0.5697,0.4303,1.324
2026-07-15 20:00:00+00:00,0.5698,0.4302,1.3245
2026-07-15 20:05:00+00:00,0.5699,0.4301,1.325
2026-07-15 20:10:00+00:00,0.57,0.43,1.3256
2026-07-15 20:15:00+00:00,0.5701,0.4299,1.3261
2026-07-15 20:20:00+00:00,0.5701,0.4299,1.3261
2026-07-15 20:25:00+00:00,0.5704,0.4296,1.3277
2026-07-15 20:30:00+00:00,0.5705,0.4295,1.3283
2026-07-15 20:35:00+00:00,0.5706,0.4294,1.3288
2026-07-15 20:40:00+00:00,0.5705,0.4295,1.3283
2026-07-15 20:45:00+00:00,0.5705,0.4295,1.3283
2026-07-15 20:50:00+00:00,0.5705,0.4295,1.3283
2026-07-15 20:55:00+00:00,0.5704,0.4296,1.3277
2026-07-15 21:00:00+00:00,0.5704,0.4296,1.3277
2026-07-15 21:05:00+00:00,0.5707,0.4293,1.3294
2026-07-15 21:10:00+00:00,0.5706,0.4294,1.3288
2026-07-15 21:15:00+00:00,0.5706,0.4294,1.3288
2026-07-15 21:20:00+00:00,0.5706,0.4294,1.3288
2026-07-15 21:25:00+00:00,0.5707,0.4293,1.3294
2026-07-15 21:30:00+00:00,0.5709,0.4291,1.3305
2026-07-15 21:35:00+00:00,0.5707,0.4293,1.3294
2026-07-15 21:40:00+00:00,0.5712,0.4288,1.3321
2026-07-15 21:45:00+00:00,0.5712,0.4288,1.3321
2026-07-15 21:50:00+00:00,0.5715,0.4285,1.3337
2026-07-15 21:55:00+00:00,0.5715,0.4285,1.3337
2026-07-15 22:00:00+00:00,0.5717,0.4283,1.3348
2026-07-15 22:05:00+00:00,0.5718,0.4282,1.3354
2026-07-15 22:10:00+00:00,0.5719,0.4281,1.3359
2026-07-15 22:15:00+00:00,0.572,0.428,1.3364
2026-07-15 22:20:00+00:00,0.572,0.428,1.3364
2026-07-15 22:25:00+00:00,0.5721,0.4279,1.337
2026-07-15 22:30:00+00:00,0.5723,0.4277,1.3381
2026-07-15 22:35:00+00:00,0.5723,0.4277,1.3381
2026-07-15 22:40:00+00:00,0.5722,0.4278,1.3375
2026-07-15 22:45:00+00:00,0.5723,0.4277,1.3381
2026-07-15 22:50:00+00:00,0.5726,0.4274,1.3397
2026-07-15 22:55:00+00:00,0.5726,0.4274,1.3397
2026-07-15 23:00:00+00:00,0.5725,0.4275,1.3392
2026-07-15 23:05:00+00:00,0.5726,0.4274,1.3397
2026-07-15 23:10:00+00:00,0.5726,0.4274,1.3397
2026-07-15 23:15:00+00:00,0.5728,0.4272,1.3408
2026-07-15 23:20:00+00:00,0.5729,0.4271,1.3414
2026-07-15 23:25:00+00:00,0.573,0.427,1.3419
2026-07-15 23:30:00+00:00,0.5729,0.4271,1.3414
2026-07-15 23:35:00+00:00,0.5729,0.4271,1.3414
2026-07-15 23:40:00+00:00,0.5728,0.4272,1.3408
2026-07-15 23:45:00+00:00,0.5722,0.4278,1.3375
2026-07-15 23:50:00+00:00,0.5719,0.4281,1.3359
2026-07-15 23:55:00+00:00,0.5721,0.4279,1.337
2026-07-16 00:00:00+00:00,0.5721,0.4279,1.337
2026-07-16 00:05:00+00:00,0.5723,0.4277,1.3381
2026-07-16 00:10:00+00:00,0.5724,0.4276,1.3386
2026-07-16 00:15:00+00:00,0.5727,0.4273,1.3403
2026-07-16 00:20:00+00:00,0.5727,0.4273,1.3403
2026-07-16 00:25:00+00:00,0.5729,0.4271,1.3414
2026-07-16 00:30:00+00:00,0.5727,0.4273,1.3403
2026-07-16 00:35:00+00:00,0.5727,0.4273,1.3403
2026-07-16 00:40:00+00:00,0.5726,0.4274,1.3397
2026-07-16 00:45:00+00:00,0.5727,0.4273,1.3403
2026-07-16 00:50:00+00:00,0.5732,0.4268,1.343
2026-07-16 00:55:00+00:00,0.5739,0.4261,1.3469
2026-07-16 01:00:00+00:00,0.574,0.426,1.3474
2026-07-16 01:05:00+00:00,0.5742,0.4258,1.3485
2026-07-16 01:10:00+00:00,0.5747,0.4253,1.3513
2026-07-16 01:15:00+00:00,0.5749,0.4251,1.3524
2026-07-16 01:20:00+00:00,0.574,0.426,1.3474
2026-07-16 01:25:00+00:00,0.5742,0.4258,1.3485
2026-07-16 01:30:00+00:00,0.5736,0.4264,1.3452
2026-07-16 01:35:00+00:00,0.5741,0.4259,1.348
2026-07-16 01:40:00+00:00,0.5749,0.4251,1.3524
2026-07-16 01:45:00+00:00,0.5747,0.4253,1.3513
2026-07-16 01:50:00+00:00,0.5747,0.4253,1.3513
2026-07-16 01:55:00+00:00,0.575,0.425,1.3529
2026-07-16 02:00:00+00:00,0.5751,0.4249,1.3535
2026-07-16 02:05:00+00:00,0.5752,0.4248,1.354
2026-07-16 02:10:00+00:00,0.5753,0.4247,1.3546
2026-07-16 02:15:00+00:00,0.568,0.432,1.3148
2026-07-16 02:20:00+00:00,0.5681,0.4319,1.3154
2026-07-16 02:25:00+00:00,0.5684,0.4316,1.317
2026-07-16 02:30:00+00:00,0.5688,0.4312,1.3191
2026-07-16 02:35:00+00:00,0.5689,0.4311,1.3196
2026-07-16 02:40:00+00:00,0.569,0.431,1.3202
2026-07-16 02:45:00+00:00,0.5691,0.4309,1.3207
2026-07-16 02:50:00+00:00,0.5694,0.4306,1.3223
2026-07-16 02:55:00+00:00,0.5696,0.4304,1.3234
2026-07-16 03:00:00+00:00,0.5699,0.4301,1.325
2026-07-16 03:05:00+00:00,0.5701,0.4299,1.3261
2026-07-16 03:10:00+00:00,0.5702,0.4298,1.3267
2026-07-16 03:15:00+00:00,0.5706,0.4294,1.3288
2026-07-16 03:20:00+00:00,0.5708,0.4292,1.3299
2026-07-16 03:25:00+00:00,0.5709,0.4291,1.3305
2026-07-16 03:30:00+00:00,0.571,0.429,1.331
2026-07-16 03:35:00+00:00,0.5712,0.4288,1.3321
2026-07-16 03:40:00+00:00,0.5715,0.4285,1.3337
2026-07-16 03:45:00+00:00,0.5717,0.4283,1.3348
2026-07-16 03:50:00+00:00,0.5716,0.4284,1.3343
2026-07-16 03:55:00+00:00,0.5717,0.4283,1.3348
2026-07-16 04:00:00+00:00,0.5717,0.4283,1.3348
2026-07-16 04:05:00+00:00,0.5719,0.4281,1.3359
2026-07-16 04:10:00+00:00,0.572,0.428,1.3364
2026-07-16 04:15:00+00:00,0.572,0.428,1.3364
2026-07-16 04:20:00+00:00,0.5722,0.4278,1.3375
2026-07-16 04:25:00+00:00,0.572,0.428,1.3364
2026-07-16 04:30:00+00:00,0.5722,0.4278,1.3375
2026-07-16 04:35:00+00:00,0.5723,0.4277,1.3381
2026-07-16 04:40:00+00:00,0.5723,0.4277,1.3381
2026-07-16 04:45:00+00:00,0.5725,0.4275,1.3392
2026-07-16 04:50:00+00:00,0.5725,0.4275,1.3392
2026-07-16 04:55:00+00:00,0.5725,0.4275,1.3392
2026-07-16 05:00:00+00:00,0.5726,0.4274,1.3397
2026-07-16 05:05:00+00:00,0.5728,0.4272,1.3408
2026-07-16 05:10:00+00:00,0.5733,0.4267,1.3436
2026-07-16 05:15:00+00:00,0.5733,0.4267,1.3436
2026-07-16 05:20:00+00:00,0.5738,0.4262,1.3463
2026-07-16 05:25:00+00:00,0.5737,0.4263,1.3458
2026-07-16 05:30:00+00:00,0.574,0.426,1.3474
2026-07-16 05:35:00+00:00,0.5739,0.4261,1.3469
2026-07-16 05:40:00+00:00,0.5736,0.4264,1.3452
2026-07-16 05:45:00+00:00,0.5735,0.4265,1.3447
2026-07-16 05:50:00+00:00,0.5732,0.4268,1.343
2026-07-16 05:55:00+00:00,0.5732,0.4268,1.343
2026-07-16 06:00:00+00:00,0.5733,0.4267,1.3436
2026-07-16 06:05:00+00:00,0.5732,0.4268,1.343
2026-07-16 06:10:00+00:00,0.5729,0.4271,1.3414
2026-07-16 06:15:00+00:00,0.5726,0.4274,1.3397
2026-07-16 06:20:00+00:00,0.5725,0.4275,1.3392
2026-07-16 06:25:00+00:00,0.5725,0.4275,1.3392
2026-07-16 06:30:00+00:00,0.5724,0.4276,1.3386
2026-07-16 06:35:00+00:00,0.5728,0.4272,1.3408
2026-07-16 06:40:00+00:00,0.5725,0.4275,1.3392
2026-07-16 06:45:00+00:00,0.5731,0.4269,1.3425
2026-07-16 06:50:00+00:00,0.5733,0.4267,1.3436
2026-07-16 06:55:00+00:00,0.5738,0.4262,1.3463
2026-07-16 07:00:00+00:00,0.5739,0.4261,1.3469
2026-07-16 07:05:00+00:00,0.5739,0.4261,1.3469
2026-07-16 07:10:00+00:00,0.5738,0.4262,1.3463
2026-07-16 07:15:00+00:00,0.5739,0.4261,1.3469
2026-07-16 07:20:00+00:00,0.5743,0.4257,1.3491
2026-07-16 07:25:00+00:00,0.5745,0.4255,1.3502
2026-07-16 07:30:00+00:00,0.5755,0.4245,1.3557
2026-07-16 07:35:00+00:00,0.5762,0.4238,1.3596
2026-07-16 07:40:00+00:00,0.5791,0.4209,1.3759
2026-07-16 07:45:00+00:00,0.5805,0.4195,1.3838
2026-07-16 07:50:00+00:00,0.5824,0.4176,1.3946
2026-07-16 07:55:00+00:00,0.5835,0.4165,1.401
2026-07-16 08:00:00+00:00,0.5853,0.4147,1.4114
2026-07-16 08:05:00+00:00,0.5858,0.4142,1.4143
2026-07-16 08:10:00+00:00,0.5862,0.4138,1.4166
2026-07-16 08:15:00+00:00,0.5859,0.4141,1.4149
2026-07-16 08:20:00+00:00,0.5888,0.4112,1.4319
2026-07-16 08:25:00+00:00,0.5912,0.4088,1.4462
2026-07-16 08:30:00+00:00,0.592,0.408,1.451
2026-07-16 08:35:00+00:00,0.5928,0.4072,1.4558
2026-07-16 08:40:00+00:00,0.5934,0.4066,1.4594
2026-07-16 08:45:00+00:00,0.593,0.407,1.457
2026-07-16 08:50:00+00:00,0.5953,0.4047,1.471
2026-07-16 08:55:00+00:00,0.594,0.406,1.4631
2026-07-16 09:00:00+00:00,0.5941,0.4059,1.4637
2026-07-16 09:05:00+00:00,0.5946,0.4054,1.4667
2026-07-16 09:10:00+00:00,0.5947,0.4053,1.4673
2026-07-16 09:15:00+00:00,0.5951,0.4049,1.4697
2026-07-16 09:20:00+00:00,0.5952,0.4048,1.4704
2026-07-16 09:25:00+00:00,0.5961,0.4039,1.4759
2026-07-16 09:30:00+00:00,0.5959,0.4041,1.4746
2026-07-16 09:35:00+00:00,0.5962,0.4038,1.4765
2026-07-16 09:40:00+00:00,0.5966,0.4034,1.4789
2026-07-16 09:45:00+00:00,0.5969,0.4031,1.4808
2026-07-16 09:50:00+00:00,0.5972,0.4028,1.4826
2026-07-16 09:55:00+00:00,0.5977,0.4023,1.4857
2026-07-16 10:00:00+00:00,0.5979,0.4021,1.4869
2026-07-16 10:05:00+00:00,0.5982,0.4018,1.4888
2026-07-16 10:10:00+00:00,0.5992,0.4008,1.495
2026-07-16 10:15:00+00:00,0.6004,0.3996,1.5025
2026-07-16 10:20:00+00:00,0.6012,0.3988,1.5075
2026-07-16 10:25:00+00:00,0.6017,0.3983,1.5107
2026-07-16 10:30:00+00:00,0.602,0.398,1.5126
2026-07-16 10:35:00+00:00,0.6027,0.3973,1.517
2026-07-16 10:40:00+00:00,0.6029,0.3971,1.5183
2026-07-16 10:45:00+00:00,0.6029,0.3971,1.5183
2026-07-16 10:50:00+00:00,0.6027,0.3973,1.517
2026-07-16 10:55:00+00:00,0.603,0.397,1.5189
2026-07-16 11:00:00+00:00,0.6032,0.3968,1.5202
2026-07-16 11:05:00+00:00,0.6032,0.3968,1.5202
2026-07-16 11:10:00+00:00,0.6027,0.3973,1.517
2026-07-16 11:15:00+00:00,0.6028,0.3972,1.5176
2026-07-16 11:20:00+00:00,0.6027,0.3973,1.517
2026-07-16 11:25:00+00:00,0.603,0.397,1.5189
2026-07-16 11:30:00+00:00,0.6031,0.3969,1.5195
2026-07-16 11:35:00+00:00,0.603,0.397,1.5189
2026-07-16 11:40:00+00:00,0.6033,0.3967,1.5208
2026-07-16 11:45:00+00:00,0.6038,0.3962,1.524
2026-07-16 11:50:00+00:00,0.6035,0.3965,1.5221
2026-07-16 11:55:00+00:00,0.6037,0.3963,1.5233
2026-07-16 12:00:00+00:00,0.6036,0.3964,1.5227
2026-07-16 12:05:00+00:00,0.6036,0.3964,1.5227
2026-07-16 12:10:00+00:00,0.6031,0.3969,1.5195
2026-07-16 12:15:00+00:00,0.603,0.397,1.5189
2026-07-16 12:20:00+00:00,0.6029,0.3971,1.5183
2026-07-16 12:25:00+00:00,0.6031,0.3969,1.5195
2026-07-16 12:30:00+00:00,0.6031,0.3969,1.5195
2026-07-16 12:35:00+00:00,0.603,0.397,1.5189
2026-07-16 12:40:00+00:00,0.6027,0.3973,1.517
2026-07-16 12:45:00+00:00,0.6026,0.3974,1.5164
2026-07-16 12:50:00+00:00,0.6032,0.3968,1.5202
2026-07-16 12:55:00+00:00,0.6044,0.3956,1.5278
2026-07-16 13:00:00+00:00,0.6043,0.3957,1.5272
2026-07-16 13:05:00+00:00,0.604,0.396,1.5253
2026-07-16 13:10:00+00:00,0.6043,0.3957,1.5272
2026-07-16 13:15:00+00:00,0.6055,0.3945,1.5349
2026-07-16 13:20:00+00:00,0.6058,0.3942,1.5368
2026-07-16 13:25:00+00:00,0.6063,0.3937,1.54
2026-07-16 13:30:00+00:00,0.6063,0.3937,1.54
2026-07-16 13:35:00+00:00,0.6059,0.3941,1.5374
2026-07-16 13:40:00+00:00,0.6065,0.3935,1.5413
2026-07-16 13:45:00+00:00,0.6059,0.3941,1.5374
2026-07-16 13:50:00+00:00,0.6048,0.3952,1.5304
2026-07-16 13:55:00+00:00,0.6044,0.3956,1.5278
2026-07-16 14:00:00+00:00,0.6042,0.3958,1.5265
2026-07-16 14:05:00+00:00,0.6035,0.3965,1.5221
2026-07-16 14:10:00+00:00,0.6033,0.3967,1.5208
2026-07-16 14:15:00+00:00,0.6012,0.3988,1.5075
2026-07-16 14:20:00+00:00,0.6002,0.3998,1.5013
2026-07-16 14:25:00+00:00,0.5989,0.4011,1.4931
2026-07-16 14:30:00+00:00,0.5979,0.4021,1.4869
2026-07-16 14:35:00+00:00,0.5968,0.4032,1.4802
2026-07-16 14:40:00+00:00,0.596,0.404,1.4752
2026-07-16 14:45:00+00:00,0.5953,0.4047,1.471
2026-07-16 14:50:00+00:00,0.5946,0.4054,1.4667
2026-07-16 14:55:00+00:00,0.5951,0.4049,1.4697
2026-07-16 15:00:00+00:00,0.5961,0.4039,1.4759
2026-07-16 15:05:00+00:00,0.5955,0.4045,1.4722
2026-07-16 15:10:00+00:00,0.5948,0.4052,1.4679
2026-07-16 15:15:00+00:00,0.5951,0.4049,1.4697
2026-07-16 15:20:00+00:00,0.5969,0.4031,1.4808
2026-07-16 15:25:00+00:00,0.5977,0.4023,1.4857
2026-07-16 15:30:00+00:00,0.6006,0.3994,1.5038
2026-07-16 15:35:00+00:00,0.5996,0.4004,1.4975
2026-07-16 15:40:00+00:00,0.5989,0.4011,1.4931
2026-07-16 15:45:00+00:00,0.5989,0.4011,1.4931
2026-07-16 15:50:00+00:00,0.5987,0.4013,1.4919
2026-07-16 15:55:00+00:00,0.5984,0.4016,1.49
2026-07-16 16:00:00+00:00,0.5985,0.4015,1.4907
2026-07-16 16:05:00+00:00,0.5984,0.4016,1.49
2026-07-16 16:10:00+00:00,0.5985,0.4015,1.4907
2026-07-16 16:15:00+00:00,0.5988,0.4012,1.4925
2026-07-16 16:20:00+00:00,0.5995,0.4005,1.4969
2026-07-16 16:25:00+00:00,0.6001,0.3999,1.5006
2026-07-16 16:30:00+00:00,0.601,0.399,1.5063
2026-07-16 16:35:00+00:00,0.6015,0.3985,1.5094
2026-07-16 16:40:00+00:00,0.6012,0.3988,1.5075
2026-07-16 16:45:00+00:00,0.6014,0.3986,1.5088
2026-07-16 16:50:00+00:00,0.6013,0.3987,1.5082
2026-07-16 16:55:00+00:00,0.6016,0.3984,1.51
2026-07-16 17:00:00+00:00,0.6016,0.3984,1.51
2026-07-16 17:05:00+00:00,0.6016,0.3984,1.51
2026-07-16 17:10:00+00:00,0.6014,0.3986,1.5088
2026-07-16 17:15:00+00:00,0.6016,0.3984,1.51
2026-07-16 17:20:00+00:00,0.6022,0.3978,1.5138
2026-07-16 17:25:00+00:00,0.6029,0.3971,1.5183
2026-07-16 17:30:00+00:00,0.6034,0.3966,1.5214
2026-07-16 17:35:00+00:00,0.6042,0.3958,1.5265
2026-07-16 17:40:00+00:00,0.6045,0.3955,1.5284
2026-07-16 17:45:00+00:00,0.6044,0.3956,1.5278
2026-07-16 17:50:00+00:00,0.6046,0.3954,1.5291
2026-07-16 17:55:00+00:00,0.6051,0.3949,1.5323
2026-07-16 18:00:00+00:00,0.606,0.394,1.5381
2026-07-16 18:05:00+00:00,0.6065,0.3935,1.5413
2026-07-16 18:10:00+00:00,0.607,0.393,1.5445
2026-07-16 18:15:00+00:00,0.6076,0.3924,1.5484
2026-07-16 18:20:00+00:00,0.6077,0.3923,1.5491
2026-07-16 18:25:00+00:00,0.6081,0.3919,1.5517
2026-07-16 18:30:00+00:00,0.6081,0.3919,1.5517
2026-07-16 18:35:00+00:00,0.6081,0.3919,1.5517
2026-07-16 18:40:00+00:00,0.6081,0.3919,1.5517
2026-07-16 18:45:00+00:00,0.6083,0.3917,1.553
2026-07-16 18:50:00+00:00,0.6085,0.3915,1.5543
2026-07-16 18:55:00+00:00,0.6086,0.3914,1.5549
2026-07-16 19:00:00+00:00,0.6085,0.3915,1.5543
2026-07-16 19:05:00+00:00,0.6086,0.3914,1.5549
2026-07-16 19:10:00+00:00,0.6086,0.3914,1.5549
2026-07-16 19:15:00+00:00,0.6085,0.3915,1.5543
2026-07-16 19:20:00+00:00,0.6084,0.3916,1.5536
2026-07-16 19:25:00+00:00,0.6084,0.3916,1.5536
2026-07-16 19:30:00+00:00,0.6084,0.3916,1.5536
2026-07-16 19:35:00+00:00,0.6083,0.3917,1.553
2026-07-16 19:40:00+00:00,0.6084,0.3916,1.5536
2026-07-16 19:45:00+00:00,0.6084,0.3916,1.5536
2026-07-16 19:50:00+00:00,0.6083,0.3917,1.553
2026-07-16 19:55:00+00:00,0.6082,0.3918,1.5523
2026-07-16 20:00:00+00:00,0.6082,0.3918,1.5523
2026-07-16 20:05:00+00:00,0.6081,0.3919,1.5517
2026-07-16 20:10:00+00:00,0.608,0.392,1.551
2026-07-16 20:15:00+00:00,0.6081,0.3919,1.5517
2026-07-16 20:20:00+00:00,0.6083,0.3917,1.553
2026-07-16 20:25:00+00:00,0.6084,0.3916,1.5536
2026-07-16 20:30:00+00:00,0.6084,0.3916,1.5536
2026-07-16 20:35:00+00:00,0.6085,0.3915,1.5543
2026-07-16 20:40:00+00:00,0.6085,0.3915,1.5543
2026-07-16 20:45:00+00:00,0.6085,0.3915,1.5543
2026-07-16 20:50:00+00:00,0.6085,0.3915,1.5543
2026-07-16 20:55:00+00:00,0.6087,0.3913,1.5556
2026-07-16 21:00:00+00:00,0.6087,0.3913,1.5556
2026-07-16 21:05:00+00:00,0.6086,0.3914,1.5549
2026-07-16 21:10:00+00:00,0.6088,0.3912,1.5562
2026-07-16 21:15:00+00:00,0.6089,0.3911,1.5569
2026-07-16 21:20:00+00:00,0.6091,0.3909,1.5582
2026-07-16 21:25:00+00:00,0.6093,0.3907,1.5595
2026-07-16 21:30:00+00:00,0.6094,0.3906,1.5602
2026-07-16 21:35:00+00:00,0.6095,0.3905,1.5608
2026-07-16 21:40:00+00:00,0.6097,0.3903,1.5621
2026-07-16 21:45:00+00:00,0.6098,0.3902,1.5628
2026-07-16 21:50:00+00:00,0.6099,0.3901,1.5634
2026-07-16 21:55:00+00:00,0.61,0.39,1.5641
2026-07-16 22:00:00+00:00,0.6101,0.3899,1.5648
2026-07-16 22:05:00+00:00,0.61,0.39,1.5641
2026-07-16 22:10:00+00:00,0.61,0.39,1.5641
2026-07-16 22:15:00+00:00,0.6102,0.3898,1.5654
2026-07-16 22:20:00+00:00,0.6101,0.3899,1.5648
2026-07-16 22:25:00+00:00,0.6103,0.3897,1.5661
2026-07-16 22:30:00+00:00,0.6106,0.3894,1.5681
2026-07-16 22:35:00+00:00,0.6103,0.3897,1.5661
2026-07-16 22:40:00+00:00,0.6103,0.3897,1.5661
2026-07-16 22:45:00+00:00,0.6101,0.3899,1.5648
2026-07-16 22:50:00+00:00,0.6101,0.3899,1.5648
2026-07-16 22:55:00+00:00,0.6099,0.3901,1.5634
2026-07-16 23:00:00+00:00,0.6107,0.3893,1.5687
2026-07-16 23:05:00+00:00,0.6107,0.3893,1.5687
2026-07-16 23:10:00+00:00,0.6105,0.3895,1.5674
2026-07-16 23:15:00+00:00,0.611,0.389,1.5707
2026-07-16 23:20:00+00:00,0.6108,0.3892,1.5694
2026-07-16 23:25:00+00:00,0.6117,0.3883,1.5753
2026-07-16 23:30:00+00:00,0.6124,0.3876,1.58
2026-07-16 23:35:00+00:00,0.613,0.387,1.584
2026-07-16 23:40:00+00:00,0.613,0.387,1.584
2026-07-16 23:45:00+00:00,0.6135,0.3865,1.5873
2026-07-16 23:50:00+00:00,0.6143,0.3857,1.5927
2026-07-16 23:55:00+00:00,0.6151,0.3849,1.5981
2026-07-17 00:00:00+00:00,0.6154,0.3846,1.6001
2026-07-17 00:05:00+00:00,0.6149,0.3851,1.5967
2026-07-17 00:10:00+00:00,0.6145,0.3855,1.594
2026-07-17 00:15:00+00:00,0.6149,0.3851,1.5967
2026-07-17 00:20:00+00:00,0.6158,0.3842,1.6028
2026-07-17 00:25:00+00:00,0.6161,0.3839,1.6048
2026-07-17 00:30:00+00:00,0.6157,0.3843,1.6021
2026-07-17 00:35:00+00:00,0.6158,0.3842,1.6028
2026-07-17 00:40:00+00:00,0.6165,0.3835,1.6076
2026-07-17 00:45:00+00:00,0.6171,0.3829,1.6116
2026-07-17 00:50:00+00:00,0.6182,0.3818,1.6192
2026-07-17 00:55:00+00:00,0.6188,0.3812,1.6233
2026-07-17 01:00:00+00:00,0.6195,0.3805,1.6281
2026-07-17 01:05:00+00:00,0.6178,0.3822,1.6164
2026-07-17 01:10:00+00:00,0.6183,0.3817,1.6199
2026-07-17 01:15:00+00:00,0.6183,0.3817,1.6199
2026-07-17 01:20:00+00:00,0.618,0.382,1.6178
2026-07-17 01:25:00+00:00,0.6179,0.3821,1.6171
2026-07-17 01:30:00+00:00,0.6181,0.3819,1.6185
2026-07-17 01:35:00+00:00,0.6182,0.3818,1.6192
2026-07-17 01:40:00+00:00,0.618,0.382,1.6178
2026-07-17 01:45:00+00:00,0.6173,0.3827,1.613
2026-07-17 01:50:00+00:00,0.6192,0.3808,1.6261
2026-07-17 01:55:00+00:00,0.6207,0.3793,1.6364
2026-07-17 02:00:00+00:00,0.6211,0.3789,1.6392
2026-07-17 02:05:00+00:00,0.6198,0.3802,1.6302
2026-07-17 02:10:00+00:00,0.6204,0.3796,1.6344
2026-07-17 02:15:00+00:00,0.6197,0.3803,1.6295
2026-07-17 02:20:00+00:00,0.6093,0.3907,1.5595
2026-07-17 02:25:00+00:00,0.6092,0.3908,1.5589
2026-07-17 02:30:00+00:00,0.6098,0.3902,1.5628
2026-07-17 02:35:00+00:00,0.6099,0.3901,1.5634
2026-07-17 02:40:00+00:00,0.6101,0.3899,1.5648
2026-07-17 02:45:00+00:00,0.6102,0.3898,1.5654
2026-07-17 02:50:00+00:00,0.6105,0.3895,1.5674
2026-07-17 02:55:00+00:00,0.6106,0.3894,1.5681
2026-07-17 03:00:00+00:00,0.611,0.389,1.5707
2026-07-17 03:05:00+00:00,0.6113,0.3887,1.5727
2026-07-17 03:10:00+00:00,0.6116,0.3884,1.5747
2026-07-17 03:15:00+00:00,0.6118,0.3882,1.576
2026-07-17 03:20:00+00:00,0.6123,0.3877,1.5793
2026-07-17 03:25:00+00:00,0.6125,0.3875,1.5806
2026-07-17 03:30:00+00:00,0.6129,0.3871,1.5833
2026-07-17 03:35:00+00:00,0.6124,0.3876,1.58
2026-07-17 03:40:00+00:00,0.6125,0.3875,1.5806
2026-07-17 03:45:00+00:00,0.6124,0.3876,1.58
2026-07-17 03:50:00+00:00,0.6123,0.3877,1.5793
2026-07-17 03:55:00+00:00,0.6125,0.3875,1.5806
2026-07-17 04:00:00+00:00,0.6127,0.3873,1.582
2026-07-17 04:05:00+00:00,0.6126,0.3874,1.5813
2026-07-17 04:10:00+00:00,0.6126,0.3874,1.5813
2026-07-17 04:15:00+00:00,0.6128,0.3872,1.5826
2026-07-17 04:20:00+00:00,0.6151,0.3849,1.5981
2026-07-17 04:25:00+00:00,0.6161,0.3839,1.6048
2026-07-17 04:30:00+00:00,0.6163,0.3837,1.6062
2026-07-17 04:35:00+00:00,0.6165,0.3835,1.6076
2026-07-17 04:40:00+00:00,0.6167,0.3833,1.6089
2026-07-17 04:45:00+00:00,0.6167,0.3833,1.6089
2026-07-17 04:50:00+00:00,0.6169,0.3831,1.6103
2026-07-17 04:55:00+00:00,0.617,0.383,1.611
2026-07-17 05:00:00+00:00,0.617,0.383,1.611
2026-07-17 05:05:00+00:00,0.6174,0.3826,1.6137
2026-07-17 05:10:00+00:00,0.6176,0.3824,1.6151
2026-07-17 05:15:00+00:00,0.6181,0.3819,1.6185
2026-07-17 05:20:00+00:00,0.6183,0.3817,1.6199
2026-07-17 05:25:00+00:00,0.6184,0.3816,1.6205
2026-07-17 05:30:00+00:00,0.621,0.379,1.6385
2026-07-17 05:35:00+00:00,0.6223,0.3777,1.6476
2026-07-17 05:40:00+00:00,0.6241,0.3759,1.6603
2026-07-17 05:45:00+00:00,0.6322,0.3678,1.7189
2026-07-17 05:50:00+00:00,0.636,0.364,1.7473
2026-07-17 05:55:00+00:00,0.6375,0.3625,1.7586
2026-07-17 06:00:00+00:00,0.6386,0.3614,1.767
2026-07-17 06:05:00+00:00,0.6401,0.3599,1.7785
2026-07-17 06:10:00+00:00,0.6428,0.3572,1.7996
2026-07-17 06:15:00+00:00,0.6434,0.3566,1.8043
2026-07-17 06:20:00+00:00,0.6449,0.3551,1.8161
2026-07-17 06:25:00+00:00,0.6465,0.3535,1.8289
2026-07-17 06:30:00+00:00,0.6488,0.3512,1.8474
2026-07-17 06:35:00+00:00,0.6505,0.3495,1.8612
2026-07-17 06:40:00+00:00,0.6512,0.3488,1.867
2026-07-17 06:45:00+00:00,0.6511,0.3489,1.8662
2026-07-17 06:50:00+00:00,0.6516,0.3484,1.8703
2026-07-17 06:55:00+00:00,0.652,0.348,1.8736
2026-07-17 07:00:00+00:00,0.6528,0.3472,1.8802
2026-07-17 07:05:00+00:00,0.6536,0.3464,1.8868
2026-07-17 07:10:00+00:00,0.6536,0.3464,1.8868
2026-07-17 07:15:00+00:00,0.6538,0.3462,1.8885
2026-07-17 07:20:00+00:00,0.6541,0.3459,1.891
2026-07-17 07:25:00+00:00,0.6541,0.3459,1.891
2026-07-17 07:30:00+00:00,0.6549,0.3451,1.8977
2026-07-17 07:35:00+00:00,0.6556,0.3444,1.9036
2026-07-17 07:40:00+00:00,0.6557,0.3443,1.9044
2026-07-17 07:45:00+00:00,0.6563,0.3437,1.9095
2026-07-17 07:50:00+00:00,0.6565,0.3435,1.9112
2026-07-17 07:55:00+00:00,0.6572,0.3428,1.9172
2026-07-17 08:00:00+00:00,0.6575,0.3425,1.9197
2026-07-17 08:05:00+00:00,0.6574,0.3426,1.9189
2026-07-17 08:10:00+00:00,0.6579,0.3421,1.9231
2026-07-17 08:15:00+00:00,0.6579,0.3421,1.9231
2026-07-17 08:20:00+00:00,0.658,0.342,1.924
2026-07-17 08:25:00+00:00,0.658,0.342,1.924
2026-07-17 08:30:00+00:00,0.6582,0.3418,1.9257
2026-07-17 08:35:00+00:00,0.658,0.342,1.924
