timestamp,sumOpenInterest,sumOpenInterestValue
2026-07-11 10:05:00+00:00,103625.765,6645893362.204
2026-07-11 10:10:00+00:00,103614.116,6646080839.941535
2026-07-11 10:15:00+00:00,103619.341,6650392924.721
2026-07-11 10:20:00+00:00,103621.568,6644587977.8048
2026-07-11 10:25:00+00:00,103629.943,6647767576.5013
2026-07-11 10:30:00+00:00,103651.843,6650279723.635105
2026-07-11 10:35:00+00:00,103675.882,6650262747.588644
2026-07-11 10:40:00+00:00,103683.903,6648004492.554
2026-07-11 10:45:00+00:00,103724.051,6650329764.2956
2026-07-11 10:50:00+00:00,103714.755,6654120879.8145
2026-07-11 10:55:00+00:00,103716.902,6654301401.780601
2026-07-11 11:00:00+00:00,103717.87,6655540300.502221
2026-07-11 11:05:00+00:00,103719.25,6655000469.3
2026-07-11 11:10:00+00:00,103714.409,6655428762.861748
2026-07-11 11:15:00+00:00,103721.081,6657876933.6062
2026-07-11 11:20:00+00:00,103728.289,6654632891.421484
2026-07-11 11:25:00+00:00,103729.158,6654049146.1314
2026-07-11 11:30:00+00:00,103720.53,6654097253.673
2026-07-11 11:35:00+00:00,103723.827,6654308769.7407
2026-07-11 11:40:00+00:00,103733.707,6655123820.000703
2026-07-11 11:45:00+00:00,103732.082,6655760219.077372
2026-07-11 11:50:00+00:00,103726.341,6656967127.257212
2026-07-11 11:55:00+00:00,103732.546,6655402320.846296
2026-07-11 12:00:00+00:00,103728.302,6656877881.9822
2026-07-11 12:05:00+00:00,103741.641,6657970311.330492
2026-07-11 12:10:00+00:00,103712.215,6656890271.903213
2026-07-11 12:15:00+00:00,103707.993,6657233857.4553
2026-07-11 12:20:00+00:00,103723.455,6654803750.182899
2026-07-11 12:25:00+00:00,103718.564,6653452533.8924
2026-07-11 12:30:00+00:00,103707.992,6653334372.764
2026-07-11 12:35:00+00:00,103670.851,6647395700.2902
2026-07-11 12:40:00+00:00,103658.334,6645763841.0748
2026-07-11 12:45:00+00:00,103648.258,6646152747.365008
2026-07-11 12:50:00+00:00,103653.895,6648858363.996
2026-07-11 12:55:00+00:00,103667.975,6650901870.505
2026-07-11 13:00:00+00:00,103673.874,6652596983.769
2026-07-11 13:05:00+00:00,103710.371,6654061111.381195
2026-07-11 13:10:00+00:00,103737.701,6656584326.120314
2026-07-11 13:15:00+00:00,103743.531,6656813220.535876
2026-07-11 13:20:00+00:00,103764.513,6658081105.9989
2026-07-11 13:25:00+00:00,103758.441,6658604121.965454
2026-07-11 13:30:00+00:00,103756.398,6659970967.21028
2026-07-11 13:35:00+00:00,103726.671,6659490849.5433
2026-07-11 13:40:00+00:00,103727.544,6657710920.6224
2026-07-11 13:45:00+00:00,103733.461,6661763393.858996
2026-07-11 13:50:00+00:00,103752.53,6664830515.491531
2026-07-11 13:55:00+00:00,103768.394,6665411927.391485
2026-07-11 14:00:00+00:00,103768.465,6663377834.6635
2026-07-11 14:05:00+00:00,103777.408,6667138905.240547
2026-07-11 14:10:00+00:00,103797.935,6669401376.1095
2026-07-11 14:15:00+00:00,103799.885,6667907392.6185
2026-07-11 14:20:00+00:00,103825.535,6673155940.223039
2026-07-11 14:25:00+00:00,103754.584,6676281911.115365
2026-07-11 14:30:00+00:00,103961.026,6690827672.334
2026-07-11 14:35:00+00:00,104002.968,6696959115.456
2026-07-11 14:40:00+00:00,103977.451,6701604190.73664
2026-07-11 14:45:00+00:00,103981.034,6696139433.2218
2026-07-11 14:50:00+00:00,103975.883,6691566255.077198
2026-07-11 14:55:00+00:00,103987.165,6692328330.362512
2026-07-11 15:00:00+00:00,104030.624,6691608460.410021
2026-07-11 15:05:00+00:00,104058.045,6697175776.2
2026-07-11 15:10:00+00:00,104119.423,6700307610.1661215
2026-07-11 15:15:00+00:00,104215.444,6716060073.136
2026-07-11 15:20:00+00:00,104267.457,6713698142.2644
2026-07-11 15:25:00+00:00,104294.302,6721385311.404759
2026-07-11 15:30:00+00:00,104276.035,6715626916.484
2026-07-11 15:35:00+00:00,104288.965,6717763251.5785
2026-07-11 15:40:00+00:00,102591.76,6577809981.530068
2026-07-11 15:45:00+00:00,102569.609,6570568124.6964
2026-07-11 15:50:00+00:00,102444.444,6562806215.9724
2026-07-11 15:55:00+00:00,102385.941,6564126495.0156
2026-07-11 16:00:00+00:00,102363.712,6565929995.038432
2026-07-11 16:05:00+00:00,102366.205,6562891898.3395
2026-07-11 16:10:00+00:00,102383.377,6560911088.2386
2026-07-11 16:15:00+00:00,102373.406,6568049879.831184
2026-07-11 16:20:00+00:00,102367.151,6569196944.4079
2026-07-11 16:25:00+00:00,102344.664,6569002493.3064
2026-07-11 16:30:00+00:00,102337.679,6568922576.0273
2026-07-11 16:35:00+00:00,102314.794,6567598738.5589285
2026-07-11 16:40:00+00:00,102287.71,6557982180.001
2026-07-11 16:45:00+00:00,102281.325,6557675099.1825
2026-07-11 16:50:00+00:00,102280.771,6559920441.1644
2026-07-11 16:55:00+00:00,102260.231,6554257019.6909
2026-07-11 17:00:00+00:00,102270.07,6560454729.360696
2026-07-11 17:05:00+00:00,102254.072,6560774640.628
2026-07-11 17:10:00+00:00,102255.227,6564785573.4
2026-07-11 17:15:00+00:00,102269.102,6563739115.193913
2026-07-11 17:20:00+00:00,102264.104,6566065774.365525
2026-07-11 17:25:00+00:00,102270.857,6564254956.545
2026-07-11 17:30:00+00:00,102279.076,6574027238.594855
2026-07-11 17:35:00+00:00,102202.831,6576987241.3613
2026-07-11 17:40:00+00:00,102214.165,6574720024.318804
2026-07-11 17:45:00+00:00,102261.874,6578820853.403591
2026-07-11 17:50:00+00:00,102286.984,6577462219.136
2026-07-11 17:55:00+00:00,102330.189,6578910180.999
2026-07-11 18:00:00+00:00,102331.756,6579261640.764797
2026-07-11 18:05:00+00:00,102320.473,6577082760.638849
2026-07-11 18:10:00+00:00,102326.327,6577935372.2353
2026-07-11 18:15:00+00:00,102343.271,6579388086.337432
2026-07-11 18:20:00+00:00,102368.392,6585638373.799015
2026-07-11 18:25:00+00:00,102367.671,6586933860.93591
2026-07-11 18:30:00+00:00,102367.745,6583750809.3515
2026-07-11 18:35:00+00:00,102368.871,6585389471.43
2026-07-11 18:40:00+00:00,102371.459,6582075327.864
2026-07-11 18:45:00+00:00,102362.264,6584716735.342544
2026-07-11 18:50:00+00:00,102348.992,6581234648.6848
2026-07-11 18:55:00+00:00,102349.038,6577655390.2422
2026-07-11 19:00:00+00:00,102345.455,6580792287.409
2026-07-11 19:05:00+00:00,102349.012,6578618962.451665
2026-07-11 19:10:00+00:00,102354.824,6579419264.132
2026-07-11 19:15:00+00:00,102355.322,6580413415.8478
2026-07-11 19:20:00+00:00,102356.606,6582184848.0784
2026-07-11 19:25:00+00:00,102361.899,6582901869.878114
2026-07-11 19:30:00+00:00,102399.494,6574723351.4604
2026-07-11 19:35:00+00:00,102396.846,6575597780.2128
2026-07-11 19:40:00+00:00,102411.611,6577733915.9524
2026-07-11 19:45:00+00:00,102410.845,6579507630.039
2026-07-11 19:50:00+00:00,102406.865,6578473637.989
2026-07-11 19:55:00+00:00,102403.528,6579889756.852532
2026-07-11 20:00:00+00:00,102414.387,6581347507.937392
2026-07-11 20:05:00+00:00,102410.183,6583812103.349927
2026-07-11 20:10:00+00:00,102414.407,6583402910.774
2026-07-11 20:15:00+00:00,102404.732,6585193894.664185
2026-07-11 20:20:00+00:00,102406.254,6587438410.5944
2026-07-11 20:25:00+00:00,102400.528,6585858329.171569
2026-07-11 20:30:00+00:00,102399.292,6587213335.2804
2026-07-11 20:35:00+00:00,102410.758,6587912626.531108
2026-07-11 20:40:00+00:00,102400.515,6588428654.997
2026-07-11 20:45:00+00:00,102253.487,6583979323.7456
2026-07-11 20:50:00+00:00,102257.942,6581771082.0648
2026-07-11 20:55:00+00:00,102261.015,6581457568.791
2026-07-11 21:00:00+00:00,102251.82,6580627485.500164
2026-07-11 21:05:00+00:00,102231.977,6584219809.0919
2026-07-11 21:10:00+00:00,102223.701,6581049424.3089
2026-07-11 21:15:00+00:00,102185.133,6572547754.56
2026-07-11 21:20:00+00:00,102166.156,6575066435.2296
2026-07-11 21:25:00+00:00,102159.204,6574935721.6788
2026-07-11 21:30:00+00:00,102155.425,6572571796.507065
2026-07-11 21:35:00+00:00,102136.787,6570582071.8544
2026-07-11 21:40:00+00:00,102109.704,6568605136.686004
2026-07-11 21:45:00+00:00,102082.318,6566271565.4094
2026-07-11 21:50:00+00:00,102084.558,6567910780.037868
2026-07-11 21:55:00+00:00,102089.029,6565855900.135
2026-07-11 22:00:00+00:00,102079.889,6566456683.700951
2026-07-11 22:05:00+00:00,102066.123,6566403609.9804
2026-07-11 22:10:00+00:00,102037.399,6566410930.75038
2026-07-11 22:15:00+00:00,102021.355,6563639233.581381
2026-07-11 22:20:00+00:00,101994.922,6561381244.005388
2026-07-11 22:25:00+00:00,101946.571,6552492251.150143
2026-07-11 22:30:00+00:00,101987.373,6549935056.179
2026-07-11 22:35:00+00:00,102016.551,6556255611.639292
2026-07-11 22:40:00+00:00,102035.572,6549347542.108367
2026-07-11 22:45:00+00:00,101998.649,6548153772.434215
2026-07-11 22:50:00+00:00,101971.895,6539376048.834
2026-07-11 22:55:00+00:00,101972.029,6539674775.476301
2026-07-11 23:00:00+00:00,101971.964,6543463662.472012
2026-07-11 23:05:00+00:00,101979.539,6547841052.3886
2026-07-11 23:10:00+00:00,101972.496,6535223520.8976
2026-07-11 23:15:00+00:00,101926.687,6533841953.721603
2026-07-11 23:20:00+00:00,101900.669,6534135838.0194
2026-07-11 23:25:00+00:00,101636.136,6493070469.481071
2026-07-11 23:30:00+00:00,101583.968,6491388247.9456
2026-07-11 23:35:00+00:00,101492.752,6479226242.7536
2026-07-11 23:40:00+00:00,101495.045,6478286629.287
2026-07-11 23:45:00+00:00,101491.04,6487955929.570382
2026-07-11 23:50:00+00:00,101466.092,6492561561.85
2026-07-11 23:55:00+00:00,101445.78,6478584187.736799
2026-07-12 00:00:00+00:00,101386.256,6467203161.257036
2026-07-12 00:05:00+00:00,101328.727,6470842373.3473
2026-07-12 00:10:00+00:00,101284.425,6458735598.7275
2026-07-12 00:15:00+00:00,101286.617,6458348688.4327
2026-07-12 00:20:00+00:00,101198.837,6459360837.559555
2026-07-12 00:25:00+00:00,101192.706,6456732156.8478
2026-07-12 00:30:00+00:00,101128.918,6452662080.5834
2026-07-12 00:35:00+00:00,101166.857,6452997697.5027685
2026-07-12 00:40:00+00:00,101230.741,6450422816.52
2026-07-12 00:45:00+00:00,101223.38,6455031227.094472
2026-07-12 00:50:00+00:00,101302.883,6458696999.4129
2026-07-12 00:55:00+00:00,101318.446,6464919669.861732
2026-07-12 01:00:00+00:00,101308.174,6463137315.0432
2026-07-12 01:05:00+00:00,101278.669,6469377539.713
2026-07-12 01:10:00+00:00,101281.61,6474548457.182
2026-07-12 01:15:00+00:00,101289.006,6471604620.847265
2026-07-12 01:20:00+00:00,101263.545,6477481931.006629
2026-07-12 01:25:00+00:00,101263.81,6474143130.101179
2026-07-12 01:30:00+00:00,101285.596,6474344641.432614
2026-07-12 01:35:00+00:00,101263.247,6478812416.7353
2026-07-12 01:40:00+00:00,101208.554,6481962566.0624
2026-07-12 01:45:00+00:00,101106.81,6483573729.439407
2026-07-12 01:50:00+00:00,101184.394,6485464325.627
2026-07-12 01:55:00+00:00,101173.746,6486360147.1806
2026-07-12 02:00:00+00:00,101137.351,6483511267.98772
2026-07-12 02:05:00+00:00,101103.138,6475332458.8584
2026-07-12 02:10:00+00:00,101146.005,6477108625.526354
2026-07-12 02:15:00+00:00,101163.18,6477134460.588
2026-07-12 02:20:00+00:00,101213.424,6479982796.722369
2026-07-12 02:25:00+00:00,101214.05,6488350059.362535
2026-07-12 02:30:00+00:00,101214.096,6486831655.4592
2026-07-12 02:35:00+00:00,101223.763,6485667646.116727
2026-07-12 02:40:00+00:00,101239.916,6485416606.7995
2026-07-12 02:45:00+00:00,101237.475,6485070173.55
2026-07-12 02:50:00+00:00,101242.918,6484910233.506303
2026-07-12 02:55:00+00:00,101283.187,6487583131.7793
2026-07-12 03:00:00+00:00,101299.714,6488504741.986992
2026-07-12 03:05:00+00:00,101290.019,6488638617.14
2026-07-12 03:10:00+00:00,101303.949,6486137290.6485
2026-07-12 03:15:00+00:00,101312.945,6491404062.396
2026-07-12 03:20:00+00:00,101323.253,6494690579.772678
2026-07-12 03:25:00+00:00,101328.587,6495691199.651474
2026-07-12 03:30:00+00:00,101345.814,6497280135.54
2026-07-12 03:35:00+00:00,101267.039,6497131194.9776
2026-07-12 03:40:00+00:00,101273.653,6492937460.0584
2026-07-12 03:45:00+00:00,101219.93,6493411705.864056
2026-07-12 03:50:00+00:00,101240.422,6496122049.7566
2026-07-12 03:55:00+00:00,101242.414,6493961788.4778
2026-07-12 04:00:00+00:00,101436.081,6512378985.1458
2026-07-12 04:05:00+00:00,101536.877,6516025501.352132
2026-07-12 04:10:00+00:00,101544.918,6514969621.503
2026-07-12 04:15:00+00:00,101558.068,6515400946.90485
2026-07-12 04:20:00+00:00,101558.133,6509277132.3153
2026-07-12 04:25:00+00:00,101571.085,6510269792.8345
2026-07-12 04:30:00+00:00,101583.414,6507301320.207111
2026-07-12 04:35:00+00:00,101563.416,6498717986.9088
2026-07-12 04:40:00+00:00,101581.136,6498074163.1248
2026-07-12 04:45:00+00:00,101586.506,6501804170.294416
2026-07-12 04:50:00+00:00,101597.456,6498599995.0752
2026-07-12 04:55:00+00:00,101596.089,6498213197.984608
2026-07-12 05:00:00+00:00,101537.594,6495796499.8342
2026-07-12 05:05:00+00:00,101545.645,6498192501.622847
2026-07-12 05:10:00+00:00,101543.013,6497332478.934143
2026-07-12 05:15:00+00:00,101552.832,6495526481.318615
2026-07-12 05:20:00+00:00,101323.075,6476763467.8425
2026-07-12 05:25:00+00:00,101324.746,6473834379.752956
2026-07-12 05:30:00+00:00,101311.969,6472004012.710723
2026-07-12 05:35:00+00:00,101291.143,6472706619.986
2026-07-12 05:40:00+00:00,101280.282,6478054258.163081
2026-07-12 05:45:00+00:00,101288.154,6476587400.6988
2026-07-12 05:50:00+00:00,101281.818,6476557005.6462
2026-07-12 05:55:00+00:00,101272.889,6476026541.8607
2026-07-12 06:00:00+00:00,101259.183,6474309642.654
2026-07-12 06:05:00+00:00,101280.779,6466680598.406159
2026-07-12 06:10:00+00:00,101265.438,6456505307.930862
2026-07-12 06:15:00+00:00,101339.202,6457551998.888598
2026-07-12 06:20:00+00:00,101309.123,6453524613.539983
2026-07-12 06:25:00+00:00,101378.311,6462133893.688193
2026-07-12 06:30:00+00:00,101376.652,6452086603.5444
2026-07-12 06:35:00+00:00,101367.964,6456733834.944
2026-07-12 06:40:00+00:00,101353.273,6456913030.580187
2026-07-12 06:45:00+00:00,101246.968,6454392963.032
2026-07-12 06:50:00+00:00,101203.855,6455186687.32
2026-07-12 06:55:00+00:00,101190.189,6450530502.1074
2026-07-12 07:00:00+00:00,101188.411,6448716825.056905
2026-07-12 07:05:00+00:00,101172.22,6451060043.793337
2026-07-12 07:10:00+00:00,101152.68,6451118992.267672
2026-07-12 07:15:00+00:00,101136.627,6451505436.33
2026-07-12 07:20:00+00:00,101142.921,6453889331.8416
2026-07-12 07:25:00+00:00,101116.867,6456660449.17209
2026-07-12 07:30:00+00:00,101125.847,6455712271.1248
2026-07-12 07:35:00+00:00,101117.534,6457925734.323528
2026-07-12 07:40:00+00:00,101105.672,6453382942.9832
2026-07-12 07:45:00+00:00,101119.845,6455480792.8155
2026-07-12 07:50:00+00:00,101103.531,6455491311.440863
2026-07-12 07:55:00+00:00,101101.087,6456171332.118444
2026-07-12 08:00:00+00:00,101067.289,6453793233.2996
2026-07-12 08:05:00+00:00,101048.428,6456418573.1604
2026-07-12 08:10:00+00:00,100929.704,6458723897.2792
2026-07-12 08:15:00+00:00,100888.043,6459003844.9245
2026-07-12 08:20:00+00:00,100838.996,6451691396.505699
2026-07-12 08:25:00+00:00,100839.25,6452090052.544536
2026-07-12 08:30:00+00:00,100842.189,6450360535.1661
2026-07-12 08:35:00+00:00,100825.431,6450765762.385561
2026-07-12 08:40:00+00:00,100834.542,6450496569.7362
2026-07-12 08:45:00+00:00,100831.685,6451691402.586276
2026-07-12 08:50:00+00:00,100831.826,6445926556.615
2026-07-12 08:55:00+00:00,100908.298,6453711288.5476
2026-07-12 09:00:00+00:00,100908.638,6453258763.057
2026-07-12 09:05:00+00:00,100906.485,6451538087.445416
2026-07-12 09:10:00+00:00,100858.176,6448952459.9808
2026-07-12 09:15:00+00:00,100748.673,6433967781.250939
2026-07-12 09:20:00+00:00,100741.331,6428806257.271783
2026-07-12 09:25:00+00:00,100742.677,6422462875.044835
2026-07-12 09:30:00+00:00,100748.246,6428594454.891
2026-07-12 09:35:00+00:00,100770.667,6435768660.144796
2026-07-12 09:40:00+00:00,100740.296,6438745500.6328
2026-07-12 09:45:00+00:00,100896.25,6454867910.148143
2026-07-12 09:50:00+00:00,100886.792,6452398458.335543
2026-07-12 09:55:00+00:00,100909.259,6454983661.5638
2026-07-12 10:00:00+00:00,100919.018,6451920325.1027565
2026-07-12 10:05:00+00:00,100905.125,6449347279.70125
2026-07-12 10:10:00+00:00,100905.826,6445868536.7349
2026-07-12 10:15:00+00:00,100922.475,6449006705.985
2026-07-12 10:20:00+00:00,100905.485,6445708248.431416
2026-07-12 10:25:00+00:00,100906.011,6444382573.7172
2026-07-12 10:30:00+00:00,100905.374,6442798416.660912
2026-07-12 10:35:00+00:00,100899.771,6445635557.965741
2026-07-12 10:40:00+00:00,100892.412,6441701709.759038
2026-07-12 10:45:00+00:00,100888.542,6441262396.113215
2026-07-12 10:50:00+00:00,100908.128,6440150807.463692
2026-07-12 10:55:00+00:00,100905.821,6439748952.7274
2026-07-12 11:00:00+00:00,100916.591,6442137987.099359
2026-07-12 11:05:00+00:00,100928.556,6447871264.338
2026-07-12 11:10:00+00:00,100950.516,6449340674.611444
2026-07-12 11:15:00+00:00,100944.496,6442429151.464
2026-07-12 11:20:00+00:00,100952.394,6448677404.8896
2026-07-12 11:25:00+00:00,100966.17,6446996381.704946
2026-07-12 11:30:00+00:00,100966.66,6450749810.734
2026-07-12 11:35:00+00:00,100967.156,6458566067.852
2026-07-12 11:40:00+00:00,101061.342,6465440421.238703
2026-07-12 11:45:00+00:00,101089.64,6467634295.488
2026-07-12 11:50:00+00:00,101102.64,6470063446.8
2026-07-12 11:55:00+00:00,101113.289,6468783331.7484
2026-07-12 12:00:00+00:00,101161.543,6473858019.153164
2026-07-12 12:05:00+00:00,101140.754,6468416465.7684
2026-07-12 12:10:00+00:00,101180.401,6474321381.1479
2026-07-12 12:15:00+00:00,101221.569,6486247775.0493
2026-07-12 12:20:00+00:00,101209.128,6480200311.784461
2026-07-12 12:25:00+00:00,101203.747,6478153049.217
2026-07-12 12:30:00+00:00,101218.784,6481186586.424168
2026-07-12 12:35:00+00:00,101228.861,6480165536.915
2026-07-12 12:40:00+00:00,101233.172,6477565452.95062
2026-07-12 12:45:00+00:00,101215.83,6478086402.741
2026-07-12 12:50:00+00:00,101220.883,6479718889.995624
2026-07-12 12:55:00+00:00,101228.076,6480398723.7528
2026-07-12 13:00:00+00:00,101234.624,6479051119.433521
2026-07-12 13:05:00+00:00,101234.456,6481130979.932511
2026-07-12 13:10:00+00:00,101235.269,6481584992.44347
2026-07-12 13:15:00+00:00,101231.299,6480220374.186
2026-07-12 13:20:00+00:00,101288.767,6488486286.876494
2026-07-12 13:25:00+00:00,101255.544,6480425694.8808
2026-07-12 13:30:00+00:00,101254.647,6482099740.7166
2026-07-12 13:35:00+00:00,101264.409,6483848717.4201
2026-07-12 13:40:00+00:00,101266.105,6483101622.854876
2026-07-12 13:45:00+00:00,101258.026,6482062911.7978
2026-07-12 13:50:00+00:00,101216.634,6475698947.833206
2026-07-12 13:55:00+00:00,101226.663,6478688639.9934
2026-07-12 14:00:00+00:00,101224.323,6478093488.7602
2026-07-12 14:05:00+00:00,101219.428,6478954366.852
2026-07-12 14:10:00+00:00,101212.772,6474343079.480332
2026-07-12 14:15:00+00:00,101182.959,6470045073.302243
2026-07-12 14:20:00+00:00,101196.361,6472611092.590296
2026-07-12 14:25:00+00:00,101201.015,6473828929.55
2026-07-12 14:30:00+00:00,101212.769,6474484458.571632
2026-07-12 14:35:00+00:00,101218.015,6480645359.199
2026-07-12 14:40:00+00:00,101225.896,6482518676.585712
2026-07-12 14:45:00+00:00,101252.981,6484683456.5414095
2026-07-12 14:50:00+00:00,101257.743,6496696790.88
2026-07-12 14:55:00+00:00,101260.559,6500573475.8435
2026-07-12 15:00:00+00:00,101310.522,6501873291.02354
2026-07-12 15:05:00+00:00,101279.007,6495807182.797396
2026-07-12 15:10:00+00:00,101361.769,6502367617.5269
2026-07-12 15:15:00+00:00,101368.871,6504141006.8601
2026-07-12 15:20:00+00:00,101347.039,6499113538.333951
2026-07-12 15:25:00+00:00,101333.211,6502202913.770225
2026-07-12 15:30:00+00:00,101340.392,6506052121.419427
2026-07-12 15:35:00+00:00,101286.242,6494554866.0336
2026-07-12 15:40:00+00:00,101242.461,6491620470.173961
2026-07-12 15:45:00+00:00,101201.77,6489127957.432552
2026-07-12 15:50:00+00:00,101161.244,6489888331.4516
2026-07-12 15:55:00+00:00,101120.31,6486995549.426143
2026-07-12 16:00:00+00:00,101118.452,6486777432.492096
2026-07-12 16:05:00+00:00,101054.844,6478830897.993449
2026-07-12 16:10:00+00:00,101067.204,6483875512.1364
2026-07-12 16:15:00+00:00,100945.424,6464376105.64564
2026-07-12 16:20:00+00:00,100889.756,6464047022.8224
2026-07-12 16:25:00+00:00,100912.165,6469724886.177387
2026-07-12 16:30:00+00:00,100937.626,6474724769.8708
2026-07-12 16:35:00+00:00,100904.532,6466961365.4268
2026-07-12 16:40:00+00:00,100935.121,6468124423.922
2026-07-12 16:45:00+00:00,100969.329,6470905436.541127
2026-07-12 16:50:00+00:00,100971.496,6473617527.354033
2026-07-12 16:55:00+00:00,100990.756,6472056529.067443
2026-07-12 17:00:00+00:00,100981.755,6477656441.634
2026-07-12 17:05:00+00:00,100980.957,6475302886.668
2026-07-12 17:10:00+00:00,100972.092,6475330162.7508
2026-07-12 17:15:00+00:00,100976.707,6473667174.1235
2026-07-12 17:20:00+00:00,100959.853,6475235403.123859
2026-07-12 17:25:00+00:00,100956.978,6471631502.278581
2026-07-12 17:30:00+00:00,100953.902,6470879980.333289
2026-07-12 17:35:00+00:00,100938.879,6472079794.8252
2026-07-12 17:40:00+00:00,100934.39,6473417009.211
2026-07-12 17:45:00+00:00,100937.254,6472601412.75
2026-07-12 17:50:00+00:00,100932.742,6471666111.2012
2026-07-12 17:55:00+00:00,100916.829,6461565580.114374
2026-07-12 18:00:00+00:00,100895.27,6462372312.081
2026-07-12 18:05:00+00:00,100905.942,6463358574.7086
2026-07-12 18:10:00+00:00,100890.629,6456772820.236537
2026-07-12 18:15:00+00:00,100907.075,6458991235.7975
2026-07-12 18:20:00+00:00,100915.376,6458526207.313693
2026-07-12 18:25:00+00:00,100912.425,6459704867.019832
2026-07-12 18:30:00+00:00,100930.09,6464605166.977597
2026-07-12 18:35:00+00:00,100942.86,6466079871.43379
2026-07-12 18:40:00+00:00,100978.76,6471936387.56148
2026-07-12 18:45:00+00:00,100973.199,6472805462.8642845
2026-07-12 18:50:00+00:00,100972.269,6474341888.28
2026-07-12 18:55:00+00:00,100971.711,6473286295.0389
2026-07-12 19:00:00+00:00,100960.712,6474070527.792952
2026-07-12 19:05:00+00:00,100966.013,6475543959.95642
2026-07-12 19:10:00+00:00,100964.144,6479673381.097468
2026-07-12 19:15:00+00:00,100963.421,6476459988.371537
2026-07-12 19:20:00+00:00,100964.162,6477598127.0988
2026-07-12 19:25:00+00:00,100975.337,6480718299.0644
2026-07-12 19:30:00+00:00,100980.636,6480749013.258785
2026-07-12 19:35:00+00:00,100961.623,6475405902.8379
2026-07-12 19:40:00+00:00,100962.224,6474759540.649877
2026-07-12 19:45:00+00:00,100955.91,6474141975.23542
2026-07-12 19:50:00+00:00,100944.906,6474908853.574279
2026-07-12 19:55:00+00:00,101016.572,6486274088.12
2026-07-12 20:00:00+00:00,101032.135,6486455028.0565
2026-07-12 20:05:00+00:00,101043.429,6484489033.206424
2026-07-12 20:10:00+00:00,101030.227,6484155664.742609
2026-07-12 20:15:00+00:00,101037.629,6482759037.415975
2026-07-12 20:20:00+00:00,101042.182,6484402238.2864
2026-07-12 20:25:00+00:00,101043.902,6483360719.1476
2026-07-12 20:30:00+00:00,101024.439,6483472584.100472
2026-07-12 20:35:00+00:00,101012.897,6480869518.467236
2026-07-12 20:40:00+00:00,101008.917,6482156340.4497
2026-07-12 20:45:00+00:00,101009.532,6483322744.519367
2026-07-12 20:50:00+00:00,101018.292,6485732922.716297
2026-07-12 20:55:00+00:00,101019.546,6483143636.523108
2026-07-12 21:00:00+00:00,100977.393,6479567842.7205
2026-07-12 21:05:00+00:00,100978.81,6482768916.833
2026-07-12 21:10:00+00:00,100969.92,6479973367.743932
2026-07-12 21:15:00+00:00,100997.629,6482078328.0345
2026-07-12 21:20:00+00:00,100992.673,6476559126.817
2026-07-12 21:25:00+00:00,100953.202,6469744550.576975
2026-07-12 21:30:00+00:00,100939.468,6467924008.657109
2026-07-12 21:35:00+00:00,100948.194,6464638089.325434
2026-07-12 21:40:00+00:00,100948.622,6464177747.264035
2026-07-12 21:45:00+00:00,100936.918,6462658474.269026
2026-07-12 21:50:00+00:00,100844.741,6445884915.5049
2026-07-12 21:55:00+00:00,100901.014,6443838655.982067
2026-07-12 22:00:00+00:00,100924.407,6448042748.99518
2026-07-12 22:05:00+00:00,100587.914,6409401527.3316
2026-07-12 22:10:00+00:00,100611.84,6417254803.779681
2026-07-12 22:15:00+00:00,100600.529,6414453651.770193
2026-07-12 22:20:00+00:00,100616.895,6406528143.0185375
2026-07-12 22:25:00+00:00,100697.583,6425492631.7134
2026-07-12 22:30:00+00:00,100689.489,6424160570.3313
2026-07-12 22:35:00+00:00,100706.388,6421552901.4588
2026-07-12 22:40:00+00:00,100690.164,6422403994.610616
2026-07-12 22:45:00+00:00,100682.098,6418449743.215816
2026-07-12 22:50:00+00:00,100692.194,6413522728.344524
2026-07-12 22:55:00+00:00,100686.253,6422614980.8652
2026-07-12 23:00:00+00:00,100634.766,6426043046.4066
2026-07-12 23:05:00+00:00,100645.43,6419544771.966784
2026-07-12 23:10:00+00:00,100660.925,6416678773.482044
2026-07-12 23:15:00+00:00,100659.329,6422111808.598323
2026-07-12 23:20:00+00:00,100679.923,6420288213.7639
2026-07-12 23:25:00+00:00,100680.953,6425457320.994796
2026-07-12 23:30:00+00:00,100698.166,6424213337.916704
2026-07-12 23:35:00+00:00,100691.061,6426911547.839407
2026-07-12 23:40:00+00:00,100675.8,6421615974.227485
2026-07-12 23:45:00+00:00,100665.398,6420549816.3778
2026-07-12 23:50:00+00:00,100661.125,6413230984.940104
2026-07-12 23:55:00+00:00,100652.687,6417194751.702208
2026-07-13 00:00:00+00:00,100679.523,6418319591.25
2026-07-13 00:05:00+00:00,100658.931,6429126186.5424
2026-07-13 00:10:00+00:00,100641.508,6442141022.324856
2026-07-13 00:15:00+00:00,100865.722,6482639952.94
2026-07-13 00:20:00+00:00,100733.534,6467082809.4466
2026-07-13 00:25:00+00:00,100754.726,6466191722.598393
2026-07-13 00:30:00+00:00,100785.642,6465993569.5878
2026-07-13 00:35:00+00:00,100826.61,6458619006.461435
2026-07-13 00:40:00+00:00,100582.513,6409801689.4484
2026-07-13 00:45:00+00:00,99705.791,6356912153.477877
2026-07-13 00:50:00+00:00,99726.163,6371484608.8374
2026-07-13 00:55:00+00:00,99723.083,6380183127.257
2026-07-13 01:00:00+00:00,99690.346,6384881086.745785
2026-07-13 01:05:00+00:00,99693.153,6371568855.9054
2026-07-13 01:10:00+00:00,100010.014,6369077735.5816
2026-07-13 01:15:00+00:00,99833.988,6372333458.115863
2026-07-13 01:20:00+00:00,99729.256,6358637633.304
2026-07-13 01:25:00+00:00,99660.488,6348921218.284
2026-07-13 01:30:00+00:00,99946.436,6366087978.117896
2026-07-13 01:35:00+00:00,99972.439,6354948029.913
2026-07-13 01:40:00+00:00,100056.89,6372434015.738708
2026-07-13 01:45:00+00:00,100071.738,6371527529.7648
2026-07-13 01:50:00+00:00,100038.914,6359953949.7672
2026-07-13 01:55:00+00:00,100038.678,6359638830.0804
2026-07-13 02:00:00+00:00,99704.147,6320157755.758887
2026-07-13 02:05:00+00:00,99863.383,6321323438.242457
2026-07-13 02:10:00+00:00,99826.649,6319141373.462732
2026-07-13 02:15:00+00:00,99903.325,6332292296.268027
2026-07-13 02:20:00+00:00,100071.066,6349886219.254473
2026-07-13 02:25:00+00:00,100074.47,6339948665.231792
2026-07-13 02:30:00+00:00,100121.949,6353829744.208716
2026-07-13 02:35:00+00:00,100127.548,6351020133.792699
2026-07-13 02:40:00+00:00,100119.165,6349086884.2245
2026-07-13 02:45:00+00:00,100121.64,6352271473.405476
2026-07-13 02:50:00+00:00,100097.829,6347453581.4625
2026-07-13 02:55:00+00:00,100119.821,6344913429.314176
2026-07-13 03:00:00+00:00,100085.132,6340223210.436261
2026-07-13 03:05:00+00:00,100084.071,6329787045.1737
2026-07-13 03:10:00+00:00,99870.712,6292020450.3252535
2026-07-13 03:15:00+00:00,99757.935,6283652567.715
2026-07-13 03:20:00+00:00,99594.211,6265184211.187716
2026-07-13 03:25:00+00:00,99664.598,6274374800.6302
2026-07-13 03:30:00+00:00,99711.121,6286173004.788505
2026-07-13 03:35:00+00:00,99359.907,6233004478.202972
2026-07-13 03:40:00+00:00,99390.059,6246267647.914
2026-07-13 03:45:00+00:00,99384.362,6240980149.8968
2026-07-13 03:50:00+00:00,99410.825,6244072959.220375
2026-07-13 03:55:00+00:00,99405.755,6240134485.797094
2026-07-13 04:00:00+00:00,99410.812,6241020718.4412
2026-07-13 04:05:00+00:00,99486.949,6238866366.5696
2026-07-13 04:10:00+00:00,99461.779,6243867204.821381
2026-07-13 04:15:00+00:00,99468.07,6245918413.124
2026-07-13 04:20:00+00:00,99517.246,6257196600.873
2026-07-13 04:25:00+00:00,99536.102,6253365561.7602
2026-07-13 04:30:00+00:00,99547.633,6256558779.2867
2026-07-13 04:35:00+00:00,99573.993,6243070298.3154
2026-07-13 04:40:00+00:00,99534.349,6242595300.582
2026-07-13 04:45:00+00:00,99552.863,6241813903.93152
2026-07-13 04:50:00+00:00,99580.314,6245822252.709915
2026-07-13 04:55:00+00:00,99571.257,6246533108.0151
2026-07-13 05:00:00+00:00,99609.782,6240532920.3436
2026-07-13 05:05:00+00:00,99908.634,6265829926.4904
2026-07-13 05:10:00+00:00,99762.858,6263768607.012114
2026-07-13 05:15:00+00:00,99734.019,6261820329.7188
2026-07-13 05:20:00+00:00,99775.523,6263821985.478704
2026-07-13 05:25:00+00:00,99807.725,6255189840.762033
2026-07-13 05:30:00+00:00,99941.621,6257121948.573474
2026-07-13 05:35:00+00:00,99920.449,6268009765.77
2026-07-13 05:40:00+00:00,99948.604,6272064614.341363
2026-07-13 05:45:00+00:00,99989.511,6277015527.5289
2026-07-13 05:50:00+00:00,99994.216,6275876982.2784
2026-07-13 05:55:00+00:00,100015.135,6276738966.771234
2026-07-13 06:00:00+00:00,100017.252,6277492806.2532
2026-07-13 06:05:00+00:00,100048.069,6283248843.7587
2026-07-13 06:10:00+00:00,100053.668,6283799103.567824
2026-07-13 06:15:00+00:00,100023.292,6272730704.2084
2026-07-13 06:20:00+00:00,100033.589,6272056013.5055
2026-07-13 06:25:00+00:00,100036.505,6272865482.613996
2026-07-13 06:30:00+00:00,100086.371,6286414953.8729
2026-07-13 06:35:00+00:00,100112.479,6282929035.8173
2026-07-13 06:40:00+00:00,100118.594,6286236268.2126
2026-07-13 06:45:00+00:00,100117.39,6288609777.999012
2026-07-13 06:50:00+00:00,100113.845,6286038202.3205
2026-07-13 06:55:00+00:00,100080.529,6282264974.4409
2026-07-13 07:00:00+00:00,100066.037,6280804917.9642
2026-07-13 07:05:00+00:00,100031.79,6276464566.27912
2026-07-13 07:10:00+00:00,100048.733,6284132669.895977
2026-07-13 07:15:00+00:00,100085.168,6284227439.138476
2026-07-13 07:20:00+00:00,100127.044,6285435136.2824
2026-07-13 07:25:00+00:00,100056.264,6294520871.494377
2026-07-13 07:30:00+00:00,100024.852,6294712910.330812
2026-07-13 07:35:00+00:00,99828.578,6290990122.661439
2026-07-13 07:40:00+00:00,99812.175,6289983712.906925
2026-07-13 07:45:00+00:00,99902.516,6288282249.988721
2026-07-13 07:50:00+00:00,99985.966,6292766749.159
2026-07-13 07:55:00+00:00,100031.436,6296867914.221669
2026-07-13 08:00:00+00:00,100053.43,6298633562.761
2026-07-13 08:05:00+00:00,100018.162,6301597444.974316
2026-07-13 08:10:00+00:00,99983.829,6290998716.611532
2026-07-13 08:15:00+00:00,99953.62,6297870841.412367
2026-07-13 08:20:00+00:00,99927.831,6293544731.4279
2026-07-13 08:25:00+00:00,99929.683,6295150324.3314
2026-07-13 08:30:00+00:00,99839.017,6295009764.2772
2026-07-13 08:35:00+00:00,99852.371,6295548083.300412
2026-07-13 08:40:00+00:00,99795.489,6292478594.569823
2026-07-13 08:45:00+00:00,99834.168,6299065303.653071
2026-07-13 08:50:00+00:00,99770.841,6301843238.190757
2026-07-13 08:55:00+00:00,99666.393,6295766579.5812
2026-07-13 09:00:00+00:00,99614.486,6293135191.6014
2026-07-13 09:05:00+00:00,99574.218,6287145996.7854
2026-07-13 09:10:00+00:00,99546.758,6282933449.8732
2026-07-13 09:15:00+00:00,99528.147,6282674468.1162
2026-07-13 09:20:00+00:00,99593.823,6282548889.054301
2026-07-13 09:25:00+00:00,99596.845,6283525112.312
2026-07-13 09:30:00+00:00,99631.917,6286330212.971671
2026-07-13 09:35:00+00:00,99687.861,6289769175.552949
2026-07-13 09:40:00+00:00,99660.037,6286933842.1006
2026-07-13 09:45:00+00:00,99613.695,6283217231.3765545
2026-07-13 09:50:00+00:00,99802.86,6295851218.353783
2026-07-13 09:55:00+00:00,99807.644,6296853268.823856
2026-07-13 10:00:00+00:00,99814.772,6295726910.6052
2026-07-13 10:05:00+00:00,99872.787,6300121926.746546
2026-07-13 10:10:00+00:00,100482.163,6336847320.2972
2026-07-13 10:15:00+00:00,100678.358,6349220240.2552
2026-07-13 10:20:00+00:00,100836.462,6362490957.707006
2026-07-13 10:25:00+00:00,100833.087,6359194837.450535
2026-07-13 10:30:00+00:00,101093.297,6376667082.126807
2026-07-13 10:35:00+00:00,101438.361,6398741955.7161
2026-07-13 10:40:00+00:00,101438.763,6397752926.2863
2026-07-13 10:45:00+00:00,101984.016,6416018414.592
2026-07-13 10:50:00+00:00,102313.283,6437469915.7336
2026-07-13 10:55:00+00:00,102351.841,6441020921.13164
2026-07-13 11:00:00+00:00,102524.985,6443151924.8295
2026-07-13 11:05:00+00:00,102562.505,6456443278.898892
2026-07-13 11:10:00+00:00,102635.362,6476342659.881
2026-07-13 11:15:00+00:00,102619.435,6470696224.302372
2026-07-13 11:20:00+00:00,102605.802,6461859727.523912
2026-07-13 11:25:00+00:00,102653.054,6466331442.8734
2026-07-13 11:30:00+00:00,102670.66,6468549342.769455
2026-07-13 11:35:00+00:00,102699.351,6467337580.1985
2026-07-13 11:40:00+00:00,102706.823,6467150794.5233
2026-07-13 11:45:00+00:00,102700.091,6464045095.507092
2026-07-13 11:50:00+00:00,102707.671,6463784025.1798
2026-07-13 11:55:00+00:00,102693.957,6457917433.563833
2026-07-13 12:00:00+00:00,102674.651,6456325799.3914
2026-07-13 12:05:00+00:00,102798.769,6462660490.5999
2026-07-13 12:10:00+00:00,102855.245,6462917709.730358
2026-07-13 12:15:00+00:00,102879.427,6462895892.0827
2026-07-13 12:20:00+00:00,102887.054,6463858590.1392
2026-07-13 12:25:00+00:00,102949.98,6460543820.673797
2026-07-13 12:30:00+00:00,102884.954,6453329267.136352
2026-07-13 12:35:00+00:00,102878.729,6449529248.2474
2026-07-13 12:40:00+00:00,103029.511,6445979538.0084
2026-07-13 12:45:00+00:00,103271.312,6463349242.17381
2026-07-13 12:50:00+00:00,103523.91,6480503433.193854
2026-07-13 12:55:00+00:00,103608.689,6483168662.0104
2026-07-13 13:00:00+00:00,103759.31,6495104535.518
2026-07-13 13:05:00+00:00,103982.711,6507215325.115311
2026-07-13 13:10:00+00:00,104106.661,6513683101.4514
2026-07-13 13:15:00+00:00,104103.085,6504909447.985715
2026-07-13 13:20:00+00:00,104224.391,6509090901.729657
2026-07-13 13:25:00+00:00,104160.235,6511996100.478125
2026-07-13 13:30:00+00:00,104199.454,6512624507.342236
2026-07-13 13:35:00+00:00,104691.952,6563370701.147536
2026-07-13 13:40:00+00:00,105047.622,6572624431.023655
2026-07-13 13:45:00+00:00,105533.056,6577417462.608802
2026-07-13 13:50:00+00:00,105941.03,6601386867.257
2026-07-13 13:55:00+00:00,105968.044,6592780663.8512
2026-07-13 14:00:00+00:00,106290.472,6622128890.59026
2026-07-13 14:05:00+00:00,106416.668,6627163540.799996
2026-07-13 14:10:00+00:00,106432.978,6629959407.039705
2026-07-13 14:15:00+00:00,106425.978,6640310543.5386
2026-07-13 14:20:00+00:00,106401.847,6643782856.599732
2026-07-13 14:25:00+00:00,106421.381,6643997738.180924
2026-07-13 14:30:00+00:00,106534.583,6661558480.662128
2026-07-13 14:35:00+00:00,106723.867,6682653673.2321
2026-07-13 14:40:00+00:00,106826.03,6690846318.8855
2026-07-13 14:45:00+00:00,106903.556,6691866002.458929
2026-07-13 14:50:00+00:00,107012.792,6711245065.767243
2026-07-13 14:55:00+00:00,107077.692,6706468589.8056
2026-07-13 15:00:00+00:00,107064.495,6720941685.900519
2026-07-13 15:05:00+00:00,106864.942,6697119050.198
2026-07-13 15:10:00+00:00,107036.546,6717920278.132407
2026-07-13 15:15:00+00:00,107005.883,6716973287.676
2026-07-13 15:20:00+00:00,106641.777,6706306780.9551
2026-07-13 15:25:00+00:00,106586.88,6701777984.256
2026-07-13 15:30:00+00:00,106561.064,6691285418.479368
2026-07-13 15:35:00+00:00,106577.856,6682815251.4816
2026-07-13 15:40:00+00:00,106488.355,6670683597.453024
2026-07-13 15:45:00+00:00,106562.54,6674534036.646
2026-07-13 15:50:00+00:00,106722.674,6685763254.863927
2026-07-13 15:55:00+00:00,106690.275,6677119970.038487
2026-07-13 16:00:00+00:00,106886.706,6692000900.639357
2026-07-13 16:05:00+00:00,106929.934,6692480012.005828
2026-07-13 16:10:00+00:00,107056.077,6696057859.3344
2026-07-13 16:15:00+00:00,107070.397,6693313141.7404
2026-07-13 16:20:00+00:00,106833.622,6663433850.913216
2026-07-13 16:25:00+00:00,106447.372,6629271856.186833
2026-07-13 16:30:00+00:00,106443.73,6634380521.30595
2026-07-13 16:35:00+00:00,106509.751,6632087289.243821
2026-07-13 16:40:00+00:00,106582.89,6638813735.742
2026-07-13 16:45:00+00:00,106500.68,6639559684.249126
2026-07-13 16:50:00+00:00,106554.6,6644165985.009039
2026-07-13 16:55:00+00:00,106598.455,6636746738.149385
2026-07-13 17:00:00+00:00,106681.781,6641852526.245596
2026-07-13 17:05:00+00:00,106749.43,6645888588.567
2026-07-13 17:10:00+00:00,106758.689,6651683533.814983
2026-07-13 17:15:00+00:00,106793.316,6653148831.4788
2026-07-13 17:20:00+00:00,106803.919,6648683024.19155
2026-07-13 17:25:00+00:00,106868.451,6644300143.4877
2026-07-13 17:30:00+00:00,106904.215,6645689835.0535
2026-07-13 17:35:00+00:00,106987.71,6650284354.002659
2026-07-13 17:40:00+00:00,107076.896,6646519998.414145
2026-07-13 17:45:00+00:00,107190.74,6654379216.363343
2026-07-13 17:50:00+00:00,107181.291,6646515499.3629
2026-07-13 17:55:00+00:00,107293.115,6652725950.777381
2026-07-13 18:00:00+00:00,107407.719,6646408486.208084
2026-07-13 18:05:00+00:00,107635.408,6668810027.6192
2026-07-13 18:10:00+00:00,107659.423,6670308700.5225
2026-07-13 18:15:00+00:00,107624.477,6662364099.3126
2026-07-13 18:20:00+00:00,107723.147,6661039250.1156
2026-07-13 18:25:00+00:00,107583.728,6668589949.445196
2026-07-13 18:30:00+00:00,107618.242,6664238112.2016
2026-07-13 18:35:00+00:00,107618.724,6661588246.708707
2026-07-13 18:40:00+00:00,107610.682,6667267307.8786
2026-07-13 18:45:00+00:00,107616.573,6669946054.6524
2026-07-13 18:50:00+00:00,107562.27,6669735084.853233
2026-07-13 18:55:00+00:00,107423.926,6663044206.8982
2026-07-13 19:00:00+00:00,107516.944,6665770983.9456
2026-07-13 19:05:00+00:00,107503.269,6664622160.3474
2026-07-13 19:10:00+00:00,107501.715,6667820893.197785
2026-07-13 19:15:00+00:00,107589.406,6676340960.825473
2026-07-13 19:20:00+00:00,107616.887,6673566600.49678
2026-07-13 19:25:00+00:00,107578.921,6673260322.2273
2026-07-13 19:30:00+00:00,107573.102,6668747040.3554
2026-07-13 19:35:00+00:00,107564.987,6681926235.9413
2026-07-13 19:40:00+00:00,107551.749,6677382602.1897
2026-07-13 19:45:00+00:00,107498.454,6681265412.6988
2026-07-13 19:50:00+00:00,107481.282,6679961676.3
2026-07-13 19:55:00+00:00,107362.786,6679131116.797892
2026-07-13 20:00:00+00:00,107163.711,6672567936.595126
2026-07-13 20:05:00+00:00,107065.287,6667656409.733087
2026-07-13 20:10:00+00:00,107005.255,6655415719.959215
2026-07-13 20:15:00+00:00,107101.81,6660784015.631374
2026-07-13 20:20:00+00:00,107044.904,6646271282.703482
2026-07-13 20:25:00+00:00,107036.929,6654116164.172303
2026-07-13 20:30:00+00:00,107046.398,6657314147.286716
2026-07-13 20:35:00+00:00,107036.65,6658205200.118276
2026-07-13 20:40:00+00:00,107079.919,6663067528.242568
2026-07-13 20:45:00+00:00,107036.942,6653544759.0504
2026-07-13 20:50:00+00:00,107025.705,6644427781.536213
2026-07-13 20:55:00+00:00,107016.736,6649999568.96464
2026-07-13 21:00:00+00:00,107001.137,6653678129.025634
2026-07-13 21:05:00+00:00,106988.555,6650001678.067093
2026-07-13 21:10:00+00:00,106955.271,6641922329.1
2026-07-13 21:15:00+00:00,106924.687,6638804468.386365
2026-07-13 21:20:00+00:00,106903.971,6636876470.0046
2026-07-13 21:25:00+00:00,106898.684,6633543707.703327
2026-07-13 21:30:00+00:00,106859.426,6625928908.299892
2026-07-13 21:35:00+00:00,106874.806,6629652326.984255
2026-07-13 21:40:00+00:00,106863.7,6619091028.7920885
2026-07-13 21:45:00+00:00,107048.633,6632101713.7453
2026-07-13 21:50:00+00:00,107029.976,6634232933.744017
2026-07-13 21:55:00+00:00,106957.656,6635443180.022313
2026-07-13 22:00:00+00:00,106957.164,6635102458.280356
2026-07-13 22:05:00+00:00,106951.088,6644550244.176
2026-07-13 22:10:00+00:00,106969.409,6647505713.445737
2026-07-13 22:15:00+00:00,106969.48,6648327487.217672
2026-07-13 22:20:00+00:00,107142.239,6662897273.5886
2026-07-13 22:25:00+00:00,107163.974,6658089425.815075
2026-07-13 22:30:00+00:00,107175.906,6659085544.3638
2026-07-13 22:35:00+00:00,107137.266,6649845906.549108
2026-07-13 22:40:00+00:00,107149.731,6645437031.5931
2026-07-13 22:45:00+00:00,107152.219,6647165656.049987
2026-07-13 22:50:00+00:00,107164.333,6644295810.333
2026-07-13 22:55:00+00:00,107201.508,6643072940.578954
2026-07-13 23:00:00+00:00,107176.217,6633993479.866
2026-07-13 23:05:00+00:00,107237.646,6641672775.501311
2026-07-13 23:10:00+00:00,107314.17,6653535271.091887
2026-07-13 23:15:00+00:00,107291.588,6655122292.6949215
2026-07-13 23:20:00+00:00,107310.512,6663650132.6128
2026-07-13 23:25:00+00:00,107332.761,6671235337.683846
2026-07-13 23:30:00+00:00,107294.785,6667308669.3785
2026-07-13 23:35:00+00:00,107248.957,6665121819.029621
2026-07-13 23:40:00+00:00,107186.559,6658122291.905587
2026-07-13 23:45:00+00:00,107160.885,6654005128.836
2026-07-13 23:50:00+00:00,107119.045,6661808391.8815
2026-07-13 23:55:00+00:00,107336.786,6689249970.8772
2026-07-14 00:00:00+00:00,107308.904,6686095881.528
2026-07-14 00:05:00+00:00,107188.985,6675783580.2925
2026-07-14 00:10:00+00:00,107179.23,6678755820.297
2026-07-14 00:15:00+00:00,107250.087,6693885480.0006
2026-07-14 00:20:00+00:00,107271.031,6688048423.9632
2026-07-14 00:25:00+00:00,107283.566,6693421682.74
2026-07-14 00:30:00+00:00,107255.17,6687172278.083889
2026-07-14 00:35:00+00:00,107235.955,6687116194.2495
2026-07-14 00:40:00+00:00,107238.834,6684576363.170028
2026-07-14 00:45:00+00:00,107250.219,6679973482.653976
2026-07-14 00:50:00+00:00,107321.85,6691828580.865
2026-07-14 00:55:00+00:00,107336.082,6698932419.528816
2026-07-14 01:00:00+00:00,107133.418,6698056286.7526
2026-07-14 01:05:00+00:00,107081.153,6689020577.941059
2026-07-14 01:10:00+00:00,107086.555,6690607326.5675
2026-07-14 01:15:00+00:00,107059.45,6687961017.72
2026-07-14 01:20:00+00:00,107057.121,6695791862.592907
2026-07-14 01:25:00+00:00,107038.198,6700814393.487891
2026-07-14 01:30:00+00:00,107030.604,6689348219.8531685
2026-07-14 01:35:00+00:00,107060.141,6690628419.892175
2026-07-14 01:40:00+00:00,107069.461,6690393093.298204
2026-07-14 01:45:00+00:00,107054.738,6687262665.862181
2026-07-14 01:50:00+00:00,107056.32,6689660384.736
2026-07-14 01:55:00+00:00,107060.356,6691304368.1068
2026-07-14 02:00:00+00:00,107073.234,6692669464.216785
2026-07-14 02:05:00+00:00,107094.982,6694068235.3938
2026-07-14 02:10:00+00:00,107102.082,6699244508.952396
2026-07-14 02:15:00+00:00,107115.396,6692068797.266921
2026-07-14 02:20:00+00:00,107107.075,6687369466.8225
2026-07-14 02:25:00+00:00,107108.783,6680246265.1704
2026-07-14 02:30:00+00:00,107017.345,6673043451.115744
2026-07-14 02:35:00+00:00,107011.745,6676345057.6305
2026-07-14 02:40:00+00:00,106985.189,6686831763.829539
2026-07-14 02:45:00+00:00,106964.165,6692465708.542262
2026-07-14 02:50:00+00:00,106943.115,6690906684.2865
2026-07-14 02:55:00+00:00,106948.96,6684242137.784431
2026-07-14 03:00:00+00:00,106967.166,6687255620.1054
2026-07-14 03:05:00+00:00,106949.006,6685168467.048
2026-07-14 03:10:00+00:00,106948.697,6679566430.0926
2026-07-14 03:15:00+00:00,106871.746,6664970941.8932
2026-07-14 03:20:00+00:00,106875.151,6667256669.9236
2026-07-14 03:25:00+00:00,106801.351,6658254662.808839
2026-07-14 03:30:00+00:00,106720.897,6663791545.8461
2026-07-14 03:35:00+00:00,106723.631,6661358203.7639
2026-07-14 03:40:00+00:00,106688.771,6667583724.893693
2026-07-14 03:45:00+00:00,106661.221,6661768332.263815
2026-07-14 03:50:00+00:00,106670.252,6665879463.449273
2026-07-14 03:55:00+00:00,106658.244,6670939870.98
2026-07-14 04:00:00+00:00,106667.92,6671873857.171097
2026-07-14 04:05:00+00:00,106688.244,6677542510.1892
2026-07-14 04:10:00+00:00,106701.939,6673064573.7027
2026-07-14 04:15:00+00:00,106640.559,6669102029.140418
2026-07-14 04:20:00+00:00,106650.801,6671031674.717225
2026-07-14 04:25:00+00:00,106658.644,6674271306.944
2026-07-14 04:30:00+00:00,106663.913,6679143940.287709
2026-07-14 04:35:00+00:00,106560.927,6682339827.3357
2026-07-14 04:40:00+00:00,106540.126,6683535703.655932
2026-07-14 04:45:00+00:00,106582.139,6680381121.972433
2026-07-14 04:50:00+00:00,106544.523,6679499890.3683
2026-07-14 04:55:00+00:00,106553.221,6680791058.8011
2026-07-14 05:00:00+00:00,106553.564,6682887289.884249
2026-07-14 05:05:00+00:00,106576.214,6682910185.665129
2026-07-14 05:10:00+00:00,106493.117,6689846929.24796
2026-07-14 05:15:00+00:00,106465.391,6685538377.03684
2026-07-14 05:20:00+00:00,106445.929,6681437003.685199
2026-07-14 05:25:00+00:00,106410.645,6684813906.5183325
2026-07-14 05:30:00+00:00,106401.242,6683376917.603268
2026-07-14 05:35:00+00:00,106386.463,6680601775.9628
2026-07-14 05:40:00+00:00,106325.179,6669735948.5984
2026-07-14 05:45:00+00:00,106318.444,6668604464.789854
2026-07-14 05:50:00+00:00,106302.032,6665181947.722096
2026-07-14 05:55:00+00:00,106310.196,6665957588.7684
2026-07-14 06:00:00+00:00,106325.509,6666884964.56092
2026-07-14 06:05:00+00:00,106302.2,6661703589.2667
2026-07-14 06:10:00+00:00,106281.643,6656738146.019
2026-07-14 06:15:00+00:00,106285.807,6657147749.9608
2026-07-14 06:20:00+00:00,106318.131,6659753805.098907
2026-07-14 06:25:00+00:00,106289.988,6661548931.801168
2026-07-14 06:30:00+00:00,106323.005,6662299434.613238
2026-07-14 06:35:00+00:00,106342.146,6670845661.305487
2026-07-14 06:40:00+00:00,106336.476,6660300105.0792
2026-07-14 06:45:00+00:00,106302.236,6661604469.942208
2026-07-14 06:50:00+00:00,106308.157,6658930338.166
2026-07-14 06:55:00+00:00,106261.923,6650816872.4547
2026-07-14 07:00:00+00:00,106269.935,6652360596.360873
2026-07-14 07:05:00+00:00,106267.8,6652392613.45983
2026-07-14 07:10:00+00:00,106309.139,6653074651.190493
2026-07-14 07:15:00+00:00,106280.288,6649415590.6912
2026-07-14 07:20:00+00:00,106307.336,6653231590.126461
2026-07-14 07:25:00+00:00,106310.196,6652881434.6604
2026-07-14 07:30:00+00:00,106322.605,6657368647.554
2026-07-14 07:35:00+00:00,106316.967,6656551570.240229
2026-07-14 07:40:00+00:00,106323.966,6652287757.744992
2026-07-14 07:45:00+00:00,106318.866,6650234436.4134
2026-07-14 07:50:00+00:00,106224.738,6642530296.4064
2026-07-14 07:55:00+00:00,106237.672,6646366243.415604
2026-07-14 08:00:00+00:00,106236.655,6642935542.488
2026-07-14 08:05:00+00:00,106283.118,6647977145.9646
2026-07-14 08:10:00+00:00,106283.394,6642215490.425987
2026-07-14 08:15:00+00:00,106325.219,6648228865.9787
2026-07-14 08:20:00+00:00,106311.989,6653110583.609
2026-07-14 08:25:00+00:00,106336.915,6651618608.1545
2026-07-14 08:30:00+00:00,106391.002,6664139108.337808
2026-07-14 08:35:00+00:00,106386.446,6663589515.7222
2026-07-14 08:40:00+00:00,106402.499,6674203152.274
2026-07-14 08:45:00+00:00,106395.056,6676261681.101573
2026-07-14 08:50:00+00:00,106373.557,6668845496.9339
2026-07-14 08:55:00+00:00,106340.864,6665984633.158785
2026-07-14 09:00:00+00:00,106352.67,6666401049.604239
2026-07-14 09:05:00+00:00,106296.578,6666868223.871
2026-07-14 09:10:00+00:00,106303.522,6662061379.107079
2026-07-14 09:15:00+00:00,106317.287,6663616702.1129
2026-07-14 09:20:00+00:00,106321.255,6660899040.244
2026-07-14 09:25:00+00:00,106310.372,6661078347.3668
2026-07-14 09:30:00+00:00,106298.63,6659170230.875407
2026-07-14 09:35:00+00:00,106275.577,6650975015.106469
2026-07-14 09:40:00+00:00,106222.176,6648657271.748064
2026-07-14 09:45:00+00:00,106210.236,6642319719.12415
2026-07-14 09:50:00+00:00,106123.551,6640981551.161943
2026-07-14 09:55:00+00:00,106120.31,6642048472.843628
2026-07-14 10:00:00+00:00,106116.538,6643352658.765224
2026-07-14 10:05:00+00:00,106141.562,6651892892.788489
2026-07-14 10:10:00+00:00,106122.002,6653647893.5962
2026-07-14 10:15:00+00:00,106086.608,6650664933.4672
2026-07-14 10:20:00+00:00,106110.692,6651018174.56
2026-07-14 10:25:00+00:00,106113.73,6653572588.081027
2026-07-14 10:30:00+00:00,106129.547,6647710726.1219
2026-07-14 10:35:00+00:00,106108.085,6642981955.940128
2026-07-14 10:40:00+00:00,106111.506,6656236826.4222
2026-07-14 10:45:00+00:00,106101.636,6661803419.532
2026-07-14 10:50:00+00:00,106077.381,6670278067.260716
2026-07-14 10:55:00+00:00,106023.929,6658054844.19291
2026-07-14 11:00:00+00:00,105995.817,6653116192.755086
2026-07-14 11:05:00+00:00,105970.298,6644846342.0304
2026-07-14 11:10:00+00:00,105943.905,6644409729.1515
2026-07-14 11:15:00+00:00,105940.245,6649519575.8415
2026-07-14 11:20:00+00:00,105916.205,6649542541.191614
2026-07-14 11:25:00+00:00,105929.167,6650423776.7606
2026-07-14 11:30:00+00:00,105918.419,6655277939.446
2026-07-14 11:35:00+00:00,106008.976,6666226043.1936
2026-07-14 11:40:00+00:00,106139.801,6667702298.82
2026-07-14 11:45:00+00:00,106122.447,6667535385.8289
2026-07-14 11:50:00+00:00,106118.872,6665062817.942472
2026-07-14 11:55:00+00:00,106117.484,6668656153.0248
2026-07-14 12:00:00+00:00,106129.986,6666085134.702169
2026-07-14 12:05:00+00:00,106085.052,6661197108.6372
2026-07-14 12:10:00+00:00,106048.698,6656146529.97
2026-07-14 12:15:00+00:00,106020.316,6660505939.536565
2026-07-14 12:20:00+00:00,106004.426,6668738439.66
2026-07-14 12:25:00+00:00,105832.019,6671525073.71985
2026-07-14 12:30:00+00:00,105532.163,6641223443.3204
2026-07-14 12:35:00+00:00,102871.151,6527987804.924412
2026-07-14 12:40:00+00:00,102180.237,6479261007.609766
2026-07-14 12:45:00+00:00,102127.262,6487368787.6688
2026-07-14 12:50:00+00:00,102148.524,6507378825.923391
2026-07-14 12:55:00+00:00,101916.743,6500810835.279936
2026-07-14 13:00:00+00:00,102191.048,6533768597.7664
2026-07-14 13:05:00+00:00,102130.449,6514226567.211197
2026-07-14 13:10:00+00:00,102215.799,6517317234.452008
2026-07-14 13:15:00+00:00,102229.388,6518564919.3708
2026-07-14 13:20:00+00:00,102694.189,6556293709.27202
2026-07-14 13:25:00+00:00,102694.454,6581954562.4404
2026-07-14 13:30:00+00:00,102438.114,6548817408.963
2026-07-14 13:35:00+00:00,102135.223,6515144943.930026
2026-07-14 13:40:00+00:00,102080.269,6520826335.5586
2026-07-14 13:45:00+00:00,102055.606,6506983794.0752
2026-07-14 13:50:00+00:00,102021.066,6509064249.586159
2026-07-14 13:55:00+00:00,102223.225,6521034191.5225
2026-07-14 14:00:00+00:00,102328.63,6529022902.572898
2026-07-14 14:05:00+00:00,102359.431,6508749610.8832
2026-07-14 14:10:00+00:00,102351.535,6517848100.335
2026-07-14 14:15:00+00:00,102551.74,6548256764.568
2026-07-14 14:20:00+00:00,102621.718,6551366776.789171
2026-07-14 14:25:00+00:00,102671.288,6550152016.906846
2026-07-14 14:30:00+00:00,102825.767,6569270906.6358
2026-07-14 14:35:00+00:00,102777.225,6571791598.6725
2026-07-14 14:40:00+00:00,103152.287,6600632323.3004
2026-07-14 14:45:00+00:00,103308.637,6612300303.7761
2026-07-14 14:50:00+00:00,103415.889,6613415076.7833
2026-07-14 14:55:00+00:00,103434.477,6625309242.1764
2026-07-14 15:00:00+00:00,104002.563,6687846512.886649
2026-07-14 15:05:00+00:00,104188.564,6703367181.4832
2026-07-14 15:10:00+00:00,104252.042,6696890547.975
2026-07-14 15:15:00+00:00,104389.853,6700262714.805
2026-07-14 15:20:00+00:00,104495.813,6718547847.2537
2026-07-14 15:25:00+00:00,104493.481,6713549414.0285
2026-07-14 15:30:00+00:00,104700.715,6751912061.338236
2026-07-14 15:35:00+00:00,104776.004,6794241889.7816
2026-07-14 15:40:00+00:00,104711.978,6784508949.7738
2026-07-14 15:45:00+00:00,104655.549,6777263111.0322
2026-07-14 15:50:00+00:00,104654.573,6782922464.972755
2026-07-14 15:55:00+00:00,104594.49,6754879515.384
2026-07-14 16:00:00+00:00,104667.929,6774882907.5546
2026-07-14 16:05:00+00:00,104850.154,6785587416.418
2026-07-14 16:10:00+00:00,105055.31,6813182630.111101
2026-07-14 16:15:00+00:00,105235.474,6811193444.832543
2026-07-14 16:20:00+00:00,105281.571,6816086828.8965
2026-07-14 16:25:00+00:00,105324.445,6824372039.524297
2026-07-14 16:30:00+00:00,105452.723,6833287167.2987385
2026-07-14 16:35:00+00:00,105524.203,6843786802.196161
2026-07-14 16:40:00+00:00,105547.212,6840652021.0956
2026-07-14 16:45:00+00:00,105552.592,6835250186.910215
2026-07-14 16:50:00+00:00,105543.081,6831698657.534093
2026-07-14 16:55:00+00:00,105532.161,6834747273.570487
2026-07-14 17:00:00+00:00,105508.539,6826825843.132909
2026-07-14 17:05:00+00:00,105560.486,6826512181.2312
2026-07-14 17:10:00+00:00,105651.16,6822106703.52
2026-07-14 17:15:00+00:00,103417.244,6678085093.817676
2026-07-14 17:20:00+00:00,103382.301,6661111644.627907
2026-07-14 17:25:00+00:00,103246.187,6655176941.6891
2026-07-14 17:30:00+00:00,103456.307,6672176570.4589
2026-07-14 17:35:00+00:00,103442.163,6663444607.936239
2026-07-14 17:40:00+00:00,103427.482,6664403737.1035
2026-07-14 17:45:00+00:00,103479.117,6674381231.333678
2026-07-14 17:50:00+00:00,103495.31,6674827305.173331
2026-07-14 17:55:00+00:00,103560.224,6692068268.214606
2026-07-14 18:00:00+00:00,103617.922,6693586716.375638
2026-07-14 18:05:00+00:00,103577.851,6686447455.7348
2026-07-14 18:10:00+00:00,103591.782,6678471056.299999
2026-07-14 18:15:00+00:00,103621.683,6679194631.9725
2026-07-14 18:20:00+00:00,103625.995,6684923300.0495
2026-07-14 18:25:00+00:00,103614.593,6679462930.4485
2026-07-14 18:30:00+00:00,103628.89,6683465087.083067
2026-07-14 18:35:00+00:00,103616.71,6686545763.918097
2026-07-14 18:40:00+00:00,103613.236,6694430455.3128
2026-07-14 18:45:00+00:00,103602.557,6687545054.35
2026-07-14 18:50:00+00:00,103589.24,6688586908.824223
2026-07-14 18:55:00+00:00,103585.442,6685039200.174105
2026-07-14 19:00:00+00:00,103570.11,6684829179.84
2026-07-14 19:05:00+00:00,103554.422,6686816754.762345
2026-07-14 19:10:00+00:00,103533.056,6681536828.8768
2026-07-14 19:15:00+00:00,103511.718,6686174508.291273
2026-07-14 19:20:00+00:00,103523.543,6685974853.4663
2026-07-14 19:25:00+00:00,103482.261,6683676954.522173
2026-07-14 19:30:00+00:00,103499.777,6679531411.571993
2026-07-14 19:35:00+00:00,103501.818,6674138780.6394
2026-07-14 19:40:00+00:00,103518.336,6674996879.1168
2026-07-14 19:45:00+00:00,103526.256,6679068874.2192
2026-07-14 19:50:00+00:00,103529.054,6684672750.389289
2026-07-14 19:55:00+00:00,103544.904,6689046550.991506
2026-07-14 20:00:00+00:00,103582.455,6684745524.6525
2026-07-14 20:05:00+00:00,103547.32,6676555163.156
2026-07-14 20:10:00+00:00,103571.639,6678050710.7864
2026-07-14 20:15:00+00:00,103617.3,6676317099.812209
2026-07-14 20:20:00+00:00,103638.428,6681596501.287987
2026-07-14 20:25:00+00:00,103672.122,6680289423.6774
2026-07-14 20:30:00+00:00,103668.402,6678059285.835
2026-07-14 20:35:00+00:00,103667.195,6679091195.831092
2026-07-14 20:40:00+00:00,103661.471,6676793882.5216
2026-07-14 20:45:00+00:00,103696.271,6684429303.275849
2026-07-14 20:50:00+00:00,103701.366,6684497895.739381
2026-07-14 20:55:00+00:00,103667.686,6686265110.7106
2026-07-14 21:00:00+00:00,103634.847,6688697648.512737
2026-07-14 21:05:00+00:00,103659.636,6688707273.310735
2026-07-14 21:10:00+00:00,103651.266,6692804507.209721
2026-07-14 21:15:00+00:00,103632.635,6694450592.4665
2026-07-14 21:20:00+00:00,103652.555,6696719224.701518
2026-07-14 21:25:00+00:00,103633.398,6695816024.8188
2026-07-14 21:30:00+00:00,103597.649,6696987141.4858
2026-07-14 21:35:00+00:00,103579.511,6697896573.1573
2026-07-14 21:40:00+00:00,103499.353,6700021236.2641325
2026-07-14 21:45:00+00:00,103533.621,6699909095.6004
2026-07-14 21:50:00+00:00,103459.623,6691644264.0924
2026-07-14 21:55:00+00:00,103392.258,6682045189.2498
2026-07-14 22:00:00+00:00,103400.195,6684973896.582976
2026-07-14 22:05:00+00:00,103401.313,6678058368.273613
2026-07-14 22:10:00+00:00,103402.998,6676121503.1718
2026-07-14 22:15:00+00:00,103275.49,6662601358.821
2026-07-14 22:20:00+00:00,103403.926,6693041603.379123
2026-07-14 22:25:00+00:00,105265.736,6841456019.079124
2026-07-14 22:30:00+00:00,105266.904,6832927372.092
2026-07-14 22:35:00+00:00,105238.87,6837153888.248601
2026-07-14 22:40:00+00:00,105297.567,6836139174.5307
2026-07-14 22:45:00+00:00,105278.134,6831835005.2888
2026-07-14 22:50:00+00:00,105238.65,6829251714.45
2026-07-14 22:55:00+00:00,105244.435,6829627120.455
2026-07-14 23:00:00+00:00,105302.509,6827967821.641795
2026-07-14 23:05:00+00:00,105207.339,6819590786.044215
2026-07-14 23:10:00+00:00,105200.45,6826765583.422236
2026-07-14 23:15:00+00:00,105384.474,6849524486.757647
2026-07-14 23:20:00+00:00,105428.038,6845032410.607169
2026-07-14 23:25:00+00:00,105358.012,6835195850.7108
2026-07-14 23:30:00+00:00,105300.792,6833241191.368729
2026-07-14 23:35:00+00:00,105326.753,6832932558.350695
2026-07-14 23:40:00+00:00,105364.777,6844831850.423581
2026-07-14 23:45:00+00:00,105370.37,6846755927.821152
2026-07-14 23:50:00+00:00,105356.041,6849529031.2438965
2026-07-14 23:55:00+00:00,105321.881,6845785346.5547
2026-07-15 00:00:00+00:00,105378.41,6851145712.627
2026-07-15 00:05:00+00:00,105550.985,6858675634.706254
2026-07-15 00:10:00+00:00,105529.041,6858159902.666809
2026-07-15 00:15:00+00:00,105577.847,6851635086.613915
2026-07-15 00:20:00+00:00,105537.427,6843788131.160738
2026-07-15 00:25:00+00:00,105492.717,6840886862.192716
2026-07-15 00:30:00+00:00,105541.166,6845813550.050004
2026-07-15 00:35:00+00:00,105602.225,6843060621.950793
2026-07-15 00:40:00+00:00,105600.567,6842906181.5433
2026-07-15 00:45:00+00:00,105626.123,6840263224.5816
2026-07-15 00:50:00+00:00,105653.454,6843988822.084532
2026-07-15 00:55:00+00:00,105799.407,6856171871.5245
2026-07-15 01:00:00+00:00,105846.787,6859025713.401283
2026-07-15 01:05:00+00:00,105840.067,6854012226.7994
2026-07-15 01:10:00+00:00,105876.609,6851730637.8087
2026-07-15 01:15:00+00:00,105843.219,6849941556.386228
2026-07-15 01:20:00+00:00,105895.826,6851110485.9742
2026-07-15 01:25:00+00:00,105937.285,6860265514.573
2026-07-15 01:30:00+00:00,105959.868,6867259045.08
2026-07-15 01:35:00+00:00,106005.608,6862792461.3592
2026-07-15 01:40:00+00:00,106024.791,6857672879.4009
2026-07-15 01:45:00+00:00,106015.0,6858741890.574064
2026-07-15 01:50:00+00:00,106049.423,6854850138.300153
2026-07-15 01:55:00+00:00,106034.491,6854069498.24
2026-07-15 02:00:00+00:00,106022.997,6853739292.814447
2026-07-15 02:05:00+00:00,106045.195,6855302235.2945
2026-07-15 02:10:00+00:00,106071.327,6860836648.173324
2026-07-15 02:15:00+00:00,106120.038,6864420450.364077
2026-07-15 02:20:00+00:00,106135.7,6854097704.773726
2026-07-15 02:25:00+00:00,106170.63,6853434534.865446
2026-07-15 02:30:00+00:00,106175.786,6848338197.0
2026-07-15 02:35:00+00:00,106267.697,6851102296.548472
2026-07-15 02:40:00+00:00,106308.772,6858592200.906871
2026-07-15 02:45:00+00:00,106333.212,6862908408.813236
2026-07-15 02:50:00+00:00,106348.278,6859580914.1058
2026-07-15 02:55:00+00:00,106347.109,6856942546.993
2026-07-15 03:00:00+00:00,106351.242,6856783625.466
2026-07-15 03:05:00+00:00,106324.542,6860864741.905336
2026-07-15 03:10:00+00:00,106308.314,6868229350.1038
2026-07-15 03:15:00+00:00,106305.644,6867344602.4
2026-07-15 03:20:00+00:00,106309.341,6866829810.155568
2026-07-15 03:25:00+00:00,106307.497,6865295633.2612
2026-07-15 03:30:00+00:00,106337.931,6868734986.540371
2026-07-15 03:35:00+00:00,106295.175,6879906926.919972
2026-07-15 03:40:00+00:00,106277.899,6870302897.4853
2026-07-15 03:45:00+00:00,106282.478,6873766123.411
2026-07-15 03:50:00+00:00,106299.716,6879802659.2928
2026-07-15 03:55:00+00:00,106332.952,6887823298.752
2026-07-15 04:00:00+00:00,106350.893,6887595656.122413
2026-07-15 04:05:00+00:00,106370.179,6886905328.3013
2026-07-15 04:10:00+00:00,106373.327,6888385624.5409
2026-07-15 04:15:00+00:00,106418.015,6895408480.136393
2026-07-15 04:20:00+00:00,106465.24,6895237949.697303
2026-07-15 04:25:00+00:00,106420.345,6891787357.532303
2026-07-15 04:30:00+00:00,106434.538,6889869522.1692
2026-07-15 04:35:00+00:00,106407.309,6892307691.971977
2026-07-15 04:40:00+00:00,106421.065,6894073653.8715
2026-07-15 04:45:00+00:00,106426.958,6894476694.2854
2026-07-15 04:50:00+00:00,106437.76,6896728749.408166
2026-07-15 04:55:00+00:00,106425.512,6894951205.512016
2026-07-15 05:00:00+00:00,106418.963,6887807751.7305
2026-07-15 05:05:00+00:00,106423.247,6886636360.034348
2026-07-15 05:10:00+00:00,106412.831,6880579163.4783
2026-07-15 05:15:00+00:00,106395.397,6873142646.2
2026-07-15 05:20:00+00:00,106394.045,6878417566.868
2026-07-15 05:25:00+00:00,106383.935,6876924237.485456
2026-07-15 05:30:00+00:00,106372.745,6874744952.511268
2026-07-15 05:35:00+00:00,106349.57,6881379040.732558
2026-07-15 05:40:00+00:00,106371.782,6880860825.0558
2026-07-15 05:45:00+00:00,106370.232,6879888324.4584
2026-07-15 05:50:00+00:00,106384.821,6888691829.567123
2026-07-15 05:55:00+00:00,106414.715,6891214755.4415
2026-07-15 06:00:00+00:00,106395.225,6906177891.885
2026-07-15 06:05:00+00:00,106372.116,6900483313.512156
2026-07-15 06:10:00+00:00,106427.32,6912433148.536
2026-07-15 06:15:00+00:00,106435.404,6920065233.737898
2026-07-15 06:20:00+00:00,106475.607,6918753000.1779
2026-07-15 06:25:00+00:00,106542.29,6924181947.089088
2026-07-15 06:30:00+00:00,106610.03,6924673261.599
2026-07-15 06:35:00+00:00,106628.742,6954337216.1142
2026-07-15 06:40:00+00:00,106787.955,6943790664.7155
2026-07-15 06:45:00+00:00,106959.868,6954145561.8352
2026-07-15 06:50:00+00:00,106905.623,6942429776.4954
2026-07-15 06:55:00+00:00,106898.037,6936237445.962788
2026-07-15 07:00:00+00:00,106841.895,6922403903.1345
2026-07-15 07:05:00+00:00,106791.182,6917825978.778
2026-07-15 07:10:00+00:00,106821.696,6920593125.7344
2026-07-15 07:15:00+00:00,106754.413,6922237184.610169
2026-07-15 07:20:00+00:00,106727.542,6914007879.931635
2026-07-15 07:25:00+00:00,106700.397,6895406455.728
2026-07-15 07:30:00+00:00,106163.784,6847925024.8656
2026-07-15 07:35:00+00:00,106212.503,6853691014.8343
2026-07-15 07:40:00+00:00,106218.939,6859616654.517825
2026-07-15 07:45:00+00:00,106252.002,6862069099.21315
2026-07-15 07:50:00+00:00,106285.402,6864091946.3434
2026-07-15 07:55:00+00:00,106342.229,6866964363.8918
2026-07-15 08:00:00+00:00,106380.929,6864809775.590107
2026-07-15 08:05:00+00:00,106367.409,6877631572.0128
2026-07-15 08:10:00+00:00,106390.7,6866796228.24
2026-07-15 08:15:00+00:00,106424.228,6871394667.585287
2026-07-15 08:20:00+00:00,106449.948,6876443095.9092
2026-07-15 08:25:00+00:00,106452.911,6875314483.3905
2026-07-15 08:30:00+00:00,106478.762,6880721487.6972
2026-07-15 08:35:00+00:00,106447.461,6881934801.111
2026-07-15 08:40:00+00:00,106445.159,6887853348.572
2026-07-15 08:45:00+00:00,106396.995,6885375134.43
2026-07-15 08:50:00+00:00,106386.455,6884324163.805697
2026-07-15 08:55:00+00:00,106316.573,6881956823.5484
2026-07-15 09:00:00+00:00,106274.857,6880754988.9793
2026-07-15 09:05:00+00:00,106339.335,6887077665.2085
2026-07-15 09:10:00+00:00,106312.154,6886406104.06179
2026-07-15 09:15:00+00:00,106319.509,6890694961.7008
2026-07-15 09:20:00+00:00,106340.788,6896424092.488045
2026-07-15 09:25:00+00:00,106321.06,6896334811.098
2026-07-15 09:30:00+00:00,106313.687,6889348641.409076
2026-07-15 09:35:00+00:00,106299.575,6884778983.7275
2026-07-15 09:40:00+00:00,106312.038,6884898991.803864
2026-07-15 09:45:00+00:00,106378.392,6882096660.7790365
2026-07-15 09:50:00+00:00,106408.286,6885456729.6594
2026-07-15 09:55:00+00:00,106415.065,6880627838.796
2026-07-15 10:00:00+00:00,106415.893,6879212836.6278
2026-07-15 10:05:00+00:00,106376.712,6888162901.703391
2026-07-15 10:10:00+00:00,106349.375,6892386009.4375
2026-07-15 10:15:00+00:00,106342.759,6887884306.0854
2026-07-15 10:20:00+00:00,106347.481,6883739405.202289
2026-07-15 10:25:00+00:00,106269.038,6871194506.6456375
2026-07-15 10:30:00+00:00,106241.163,6864081498.356672
2026-07-15 10:35:00+00:00,106209.25,6861967224.0
2026-07-15 10:40:00+00:00,106205.933,6867222406.294051
2026-07-15 10:45:00+00:00,106208.63,6864656728.831
2026-07-15 10:50:00+00:00,106201.806,6865331484.822723
2026-07-15 10:55:00+00:00,106202.544,6863785954.605868
2026-07-15 11:00:00+00:00,106166.602,6861948029.231434
2026-07-15 11:05:00+00:00,106171.789,6865067876.74
2026-07-15 11:10:00+00:00,106176.238,6871646747.46864
2026-07-15 11:15:00+00:00,106188.729,6870327071.883073
2026-07-15 11:20:00+00:00,106186.681,6864948759.644752
2026-07-15 11:25:00+00:00,106172.58,6858689009.197299
2026-07-15 11:30:00+00:00,106140.792,6857714114.8032
2026-07-15 11:35:00+00:00,106149.917,6863430718.3943
2026-07-15 11:40:00+00:00,106159.627,6866747036.079508
2026-07-15 11:45:00+00:00,106139.053,6863577387.3927
2026-07-15 11:50:00+00:00,106178.411,6866438939.448576
2026-07-15 11:55:00+00:00,106159.313,6868392730.571377
2026-07-15 12:00:00+00:00,106184.235,6870905767.839
2026-07-15 12:05:00+00:00,106189.678,6871073403.32258
2026-07-15 12:10:00+00:00,106224.265,6869740500.054183
2026-07-15 12:15:00+00:00,106511.234,6890967957.2214
2026-07-15 12:20:00+00:00,106509.618,6890053075.359695
2026-07-15 12:25:00+00:00,106511.962,6880762410.519655
2026-07-15 12:30:00+00:00,106598.744,6893413690.137712
2026-07-15 12:35:00+00:00,106747.968,6913879156.542704
2026-07-15 12:40:00+00:00,106571.063,6907836629.598047
2026-07-15 12:45:00+00:00,106719.147,6911913274.568576
2026-07-15 12:50:00+00:00,106713.119,6932937915.192
2026-07-15 12:55:00+00:00,106774.778,6958725831.816
2026-07-15 13:00:00+00:00,106890.347,6962722498.379254
2026-07-15 13:05:00+00:00,106723.028,6968085238.0564
2026-07-15 13:10:00+00:00,106606.537,6959381341.897
2026-07-15 13:15:00+00:00,106792.871,6979924402.851113
2026-07-15 13:20:00+00:00,107085.433,7014376168.484695
2026-07-15 13:25:00+00:00,107060.168,7009736799.92146
2026-07-15 13:30:00+00:00,106938.048,6981418382.2656
2026-07-15 13:35:00+00:00,106932.566,6995132817.2258
2026-07-15 13:40:00+00:00,107044.206,7003015355.984348
2026-07-15 13:45:00+00:00,107038.537,6984521959.175472
2026-07-15 13:50:00+00:00,106768.74,6934468575.277022
2026-07-15 13:55:00+00:00,106768.124,6940397839.7456
2026-07-15 14:00:00+00:00,106740.871,6947773967.4771
2026-07-15 14:05:00+00:00,106698.79,6955128616.513
2026-07-15 14:10:00+00:00,106684.02,6959286671.454
2026-07-15 14:15:00+00:00,106653.839,6959941567.7747
2026-07-15 14:20:00+00:00,106612.599,6965747380.863
2026-07-15 14:25:00+00:00,106577.957,6951824348.0132
2026-07-15 14:30:00+00:00,106378.936,6947474187.134743
2026-07-15 14:35:00+00:00,106391.22,6963368694.949457
2026-07-15 14:40:00+00:00,106502.547,6956492870.053408
2026-07-15 14:45:00+00:00,106525.89,6960391000.011
2026-07-15 14:50:00+00:00,106596.961,6975984022.567596
2026-07-15 14:55:00+00:00,106640.511,6973663573.287107
2026-07-15 15:00:00+00:00,106636.427,6970351970.300853
2026-07-15 15:05:00+00:00,106582.269,6957338850.579058
2026-07-15 15:10:00+00:00,106488.362,6963781967.674318
2026-07-15 15:15:00+00:00,106492.426,6961399238.3774
2026-07-15 15:20:00+00:00,106484.969,6962451258.323649
2026-07-15 15:25:00+00:00,106528.417,6955751682.3316
2026-07-15 15:30:00+00:00,106568.764,6967134211.649591
2026-07-15 15:35:00+00:00,106486.598,6967013458.0676
2026-07-15 15:40:00+00:00,106427.918,6970239224.596741
2026-07-15 15:45:00+00:00,106375.514,6962479504.7766
2026-07-15 15:50:00+00:00,106418.763,6967265704.217744
2026-07-15 15:55:00+00:00,106436.484,6958966334.9976
2026-07-15 16:00:00+00:00,106468.537,6962286923.987256
2026-07-15 16:05:00+00:00,106443.697,6948947346.252367
2026-07-15 16:10:00+00:00,106341.869,6928630035.3867
2026-07-15 16:15:00+00:00,106254.013,6913364228.8385
2026-07-15 16:20:00+00:00,106724.002,6950603405.8538
2026-07-15 16:25:00+00:00,106839.268,6954798305.8012
2026-07-15 16:30:00+00:00,106842.337,6959389686.858975
2026-07-15 16:35:00+00:00,106606.577,6925579007.5703
2026-07-15 16:40:00+00:00,106000.501,6872379330.66536
2026-07-15 16:45:00+00:00,105661.518,6858034788.8526
2026-07-15 16:50:00+00:00,105221.035,6839356752.8965
2026-07-15 16:55:00+00:00,105070.921,6833602559.998
2026-07-15 17:00:00+00:00,104845.484,6824340130.818
2026-07-15 17:05:00+00:00,104690.122,6813013290.5038
2026-07-15 17:10:00+00:00,104640.769,6811067654.21
2026-07-15 17:15:00+00:00,104559.716,6795766217.436981
2026-07-15 17:20:00+00:00,104456.568,6787431103.788
2026-07-15 17:25:00+00:00,104386.631,6788189543.2883
2026-07-15 17:30:00+00:00,104333.651,6782813716.972648
2026-07-15 17:35:00+00:00,104189.921,6769656561.942871
2026-07-15 17:40:00+00:00,104212.927,6778069997.174612
2026-07-15 17:45:00+00:00,104055.047,6764509779.724896
2026-07-15 17:50:00+00:00,103759.097,6741695605.920868
2026-07-15 17:55:00+00:00,103716.621,6743385236.378135
2026-07-15 18:00:00+00:00,103666.869,6740741189.6739
2026-07-15 18:05:00+00:00,103675.555,6734919566.1325
2026-07-15 18:10:00+00:00,103747.995,6744730464.49608
2026-07-15 18:15:00+00:00,103712.664,6751755948.301135
2026-07-15 18:20:00+00:00,103712.0,6747754683.794601
2026-07-15 18:25:00+00:00,103719.724,6749229983.22796
2026-07-15 18:30:00+00:00,103687.012,6742942658.2804
2026-07-15 18:35:00+00:00,103670.168,6745118820.627342
2026-07-15 18:40:00+00:00,103658.884,6738252135.424465
2026-07-15 18:45:00+00:00,103609.804,6729643267.4472
2026-07-15 18:50:00+00:00,103541.636,6728860298.732
2026-07-15 18:55:00+00:00,103530.013,6717596658.5115
2026-07-15 19:00:00+00:00,103518.985,6711249668.4335
2026-07-15 19:05:00+00:00,103496.351,6718322993.694293
2026-07-15 19:10:00+00:00,103509.412,6715585964.83392
2026-07-15 19:15:00+00:00,103501.565,6717688646.6085
2026-07-15 19:20:00+00:00,103500.18,6706444803.111801
2026-07-15 19:25:00+00:00,103453.183,6702240515.863647
2026-07-15 19:30:00+00:00,103464.961,6707815781.623212
2026-07-15 19:35:00+00:00,103450.066,6708416084.8954
2026-07-15 19:40:00+00:00,103441.401,6712964191.7163
2026-07-15 19:45:00+00:00,103417.87,6717756991.444537
2026-07-15 19:50:00+00:00,103417.175,6709716655.7175
2026-07-15 19:55:00+00:00,103416.506,6716902064.7
2026-07-15 20:00:00+00:00,103416.934,6715306217.4362
2026-07-15 20:05:00+00:00,103415.778,6715173032.219668
2026-07-15 20:10:00+00:00,103415.048,6712783467.099407
2026-07-15 20:15:00+00:00,103431.651,6714502277.032368
2026-07-15 20:20:00+00:00,103419.54,6720811884.486
2026-07-15 20:25:00+00:00,103422.108,6719148196.9656
2026-07-15 20:30:00+00:00,103425.437,6720553868.6289
2026-07-15 20:35:00+00:00,103391.463,6718677100.9827
2026-07-15 20:40:00+00:00,103382.182,6717474378.0322
2026-07-15 20:45:00+00:00,103378.366,6716327033.6344
2026-07-15 20:50:00+00:00,103383.097,6714038049.520999
2026-07-15 20:55:00+00:00,103382.728,6714511756.4168
2026-07-15 21:00:00+00:00,103371.244,6712918248.2356
2026-07-15 21:05:00+00:00,103333.968,6715421507.944789
2026-07-15 21:10:00+00:00,103322.131,6707280120.4222
2026-07-15 21:15:00+00:00,103270.679,6698842901.739168
2026-07-15 21:20:00+00:00,103268.087,6697658318.559
2026-07-15 21:25:00+00:00,103271.406,6702178498.388095
2026-07-15 21:30:00+00:00,103205.071,6691548470.4554
2026-07-15 21:35:00+00:00,103199.473,6687098811.5594
2026-07-15 21:40:00+00:00,103151.113,6680458052.1094
2026-07-15 21:45:00+00:00,103151.819,6682350192.9123
2026-07-15 21:50:00+00:00,103123.035,6680485516.4595
2026-07-15 21:55:00+00:00,103118.249,6682052223.3751
2026-07-15 22:00:00+00:00,103127.717,6682676061.6
2026-07-15 22:05:00+00:00,103114.854,6681935342.5686
2026-07-15 22:10:00+00:00,103124.913,6681405566.578956
2026-07-15 22:15:00+00:00,103113.552,6679376246.5488
2026-07-15 22:20:00+00:00,103090.393,6679082235.9198
2026-07-15 22:25:00+00:00,103094.283,6681272436.0942
2026-07-15 22:30:00+00:00,103060.57,6685146896.004095
2026-07-15 22:35:00+00:00,103017.551,6683237872.142581
2026-07-15 22:40:00+00:00,103015.333,6682676762.4431
2026-07-15 22:45:00+00:00,102991.574,6679160197.963331
2026-07-15 22:50:00+00:00,103053.939,6685995286.8054
2026-07-15 22:55:00+00:00,103065.268,6684153664.7648
2026-07-15 23:00:00+00:00,103070.845,6682398958.55273
2026-07-15 23:05:00+00:00,103101.628,6689773391.547618
2026-07-15 23:10:00+00:00,103086.481,6688178726.7433
2026-07-15 23:15:00+00:00,103089.688,6688520811.2528
2026-07-15 23:20:00+00:00,103082.121,6689878318.455644
2026-07-15 23:25:00+00:00,103074.316,6682709896.1124
2026-07-15 23:30:00+00:00,103084.798,6681874138.5216
2026-07-15 23:35:00+00:00,103079.221,6682188569.642961
2026-07-15 23:40:00+00:00,103063.703,6675930749.0844
2026-07-15 23:45:00+00:00,103090.949,6670903486.738656
2026-07-15 23:50:00+00:00,103038.678,6669099504.429623
2026-07-15 23:55:00+00:00,102991.634,6669882406.1276
2026-07-16 00:00:00+00:00,102994.606,6666039336.797489
2026-07-16 00:05:00+00:00,102994.38,6672341325.382415
2026-07-16 00:10:00+00:00,103015.26,6676048145.664
2026-07-16 00:15:00+00:00,103010.354,6674442576.0406
2026-07-16 00:20:00+00:00,103008.95,6664056288.563172
2026-07-16 00:25:00+00:00,103017.335,6656779754.038206
2026-07-16 00:30:00+00:00,103124.602,6655860023.048903
2026-07-16 00:35:00+00:00,103234.365,6665791330.8675
2026-07-16 00:40:00+00:00,103136.698,6650653326.661204
2026-07-16 00:45:00+00:00,103170.759,6654266345.6784
2026-07-16 00:50:00+00:00,103127.198,6657809401.1216
2026-07-16 00:55:00+00:00,103126.707,6660997672.564489
2026-07-16 01:00:00+00:00,103110.998,6656230152.13488
2026-07-16 01:05:00+00:00,103095.017,6658340125.4365
2026-07-16 01:10:00+00:00,103093.546,6660667819.968
2026-07-16 01:15:00+00:00,103121.264,6659686558.297905
2026-07-16 01:20:00+00:00,103033.881,6634617921.506767
2026-07-16 01:25:00+00:00,103034.743,6643680228.64
2026-07-16 01:30:00+00:00,103038.745,6649403627.352448
2026-07-16 01:35:00+00:00,103033.278,6654461666.338403
2026-07-16 01:40:00+00:00,103001.843,6659687161.008
2026-07-16 01:45:00+00:00,103004.968,6652709708.011504
2026-07-16 01:50:00+00:00,103202.669,6683331771.715909
2026-07-16 01:55:00+00:00,103226.605,6682538108.01362
2026-07-16 02:00:00+00:00,103229.446,6678800634.9756
2026-07-16 02:05:00+00:00,103223.298,6673664918.6046
2026-07-16 02:10:00+00:00,103221.196,6673250321.4
2026-07-16 02:15:00+00:00,103248.927,6673032677.169505
2026-07-16 02:20:00+00:00,103267.502,6676359743.971729
2026-07-16 02:25:00+00:00,103221.802,6673330541.93383
2026-07-16 02:30:00+00:00,103248.468,6674021571.36166
2026-07-16 02:35:00+00:00,103276.585,6670479621.240854
2026-07-16 02:40:00+00:00,103263.434,6667806870.715353
2026-07-16 02:45:00+00:00,103286.433,6668523288.3522
2026-07-16 02:50:00+00:00,103287.989,6671487249.074679
2026-07-16 02:55:00+00:00,103291.029,6671745642.831777
2026-07-16 03:00:00+00:00,103283.306,6673804975.008113
2026-07-16 03:05:00+00:00,103265.179,6669019323.984473
2026-07-16 03:10:00+00:00,103271.054,6672869481.3154
2026-07-16 03:15:00+00:00,103303.559,6681168008.6809
2026-07-16 03:20:00+00:00,103289.676,6669858524.9268
2026-07-16 03:25:00+00:00,103301.266,6672270422.310025
2026-07-16 03:30:00+00:00,103310.052,6680265575.4396
2026-07-16 03:35:00+00:00,103314.886,6683295334.4996
2026-07-16 03:40:00+00:00,103302.001,6679497054.4599
2026-07-16 03:45:00+00:00,103288.773,6676248335.584545
2026-07-16 03:50:00+00:00,103267.204,6663781040.518
2026-07-16 03:55:00+00:00,103285.236,6671317335.5232
2026-07-16 04:00:00+00:00,103307.822,6672962146.446
2026-07-16 04:05:00+00:00,103305.436,6672890671.8968
2026-07-16 04:10:00+00:00,103302.675,6668745505.695
2026-07-16 04:15:00+00:00,103300.179,6675577797.5349
2026-07-16 04:20:00+00:00,103304.808,6667839823.8024
2026-07-16 04:25:00+00:00,103285.197,6668701700.9823
2026-07-16 04:30:00+00:00,103276.082,6674216799.25
2026-07-16 04:35:00+00:00,103274.801,6671676074.3612
2026-07-16 04:40:00+00:00,103263.699,6668938786.951877
2026-07-16 04:45:00+00:00,103276.407,6670489819.991067
2026-07-16 04:50:00+00:00,103278.713,6672438636.358162
2026-07-16 04:55:00+00:00,103265.907,6672624108.254462
2026-07-16 05:00:00+00:00,103238.055,6669853661.545384
2026-07-16 05:05:00+00:00,103239.377,6671338865.6777
2026-07-16 05:10:00+00:00,103234.303,6673736368.8895
2026-07-16 05:15:00+00:00,103054.507,6672810244.6021
2026-07-16 05:20:00+00:00,102807.101,6657510281.5873
2026-07-16 05:25:00+00:00,102774.152,6670987986.9984
2026-07-16 05:30:00+00:00,102720.847,6667774532.1252
2026-07-16 05:35:00+00:00,102653.963,6663227676.7448
2026-07-16 05:40:00+00:00,102627.009,6660916025.105168
2026-07-16 05:45:00+00:00,102578.588,6656416896.0492
2026-07-16 05:50:00+00:00,102574.585,6655695552.144
2026-07-16 05:55:00+00:00,102556.523,6653651843.5417
2026-07-16 06:00:00+00:00,102592.871,6658061882.8709
2026-07-16 06:05:00+00:00,102592.324,6656826053.5288
2026-07-16 06:10:00+00:00,102537.535,6656667114.291501
2026-07-16 06:15:00+00:00,102523.635,6647519717.4015
2026-07-16 06:20:00+00:00,102502.257,6649907040.409202
2026-07-16 06:25:00+00:00,102496.575,6644777914.902271
2026-07-16 06:30:00+00:00,102492.423,6641345182.94639
2026-07-16 06:35:00+00:00,102468.827,6636598518.309
2026-07-16 06:40:00+00:00,102290.83,6613157326.8717785
2026-07-16 06:45:00+00:00,102262.631,6616883592.4551935
2026-07-16 06:50:00+00:00,102248.889,6621218831.1951
2026-07-16 06:55:00+00:00,102250.115,6619244992.940079
2026-07-16 07:00:00+00:00,102273.324,6622446278.375423
2026-07-16 07:05:00+00:00,102253.126,6619975710.722366
2026-07-16 07:10:00+00:00,102244.284,6610829119.4448
2026-07-16 07:15:00+00:00,102255.229,6608310849.720695
2026-07-16 07:20:00+00:00,102228.14,6600017998.569949
2026-07-16 07:25:00+00:00,102313.436,6603585405.7172
2026-07-16 07:30:00+00:00,102300.601,6595217445.869
2026-07-16 07:35:00+00:00,102315.584,6592868359.9744
2026-07-16 07:40:00+00:00,102035.6,6554256766.0
2026-07-16 07:45:00+00:00,102101.445,6555519773.928166
2026-07-16 07:50:00+00:00,102156.42,6558513673.494
2026-07-16 07:55:00+00:00,102225.881,6550516585.075679
2026-07-16 08:00:00+00:00,102107.543,6555731485.958625
2026-07-16 08:05:00+00:00,102125.636,6553300512.976068
2026-07-16 08:10:00+00:00,102176.146,6551248388.3112
2026-07-16 08:15:00+00:00,102009.445,6519841868.6745
2026-07-16 08:20:00+00:00,102385.63,6544317611.610615
2026-07-16 08:25:00+00:00,102392.117,6555797710.940414
2026-07-16 08:30:00+00:00,102255.711,6557372430.4392
2026-07-16 08:35:00+00:00,102245.363,6560732484.679689
2026-07-16 08:40:00+00:00,101915.94,6552491722.014
2026-07-16 08:45:00+00:00,102116.261,6546673492.71
2026-07-16 08:50:00+00:00,102122.468,6550962289.5108
2026-07-16 08:55:00+00:00,102122.061,6540918007.05
2026-07-16 09:00:00+00:00,102044.577,6540868640.945165
2026-07-16 09:05:00+00:00,102052.929,6542715331.119
2026-07-16 09:10:00+00:00,102091.876,6544824313.1072
2026-07-16 09:15:00+00:00,102102.453,6543072336.5802
2026-07-16 09:20:00+00:00,102110.866,6544413848.529867
2026-07-16 09:25:00+00:00,102127.432,6540606628.671328
2026-07-16 09:30:00+00:00,102220.435,6542608720.1315
2026-07-16 09:35:00+00:00,102219.476,6548711173.8352
2026-07-16 09:40:00+00:00,102231.924,6547340637.626483
2026-07-16 09:45:00+00:00,102211.989,6549960080.918964
2026-07-16 09:50:00+00:00,102218.816,6548270237.4208
2026-07-16 09:55:00+00:00,102239.803,6547856167.3123
2026-07-16 10:00:00+00:00,102239.323,6549849764.7397
2026-07-16 10:05:00+00:00,102250.943,6551857462.09252
2026-07-16 10:10:00+00:00,102221.377,6558165773.5005
2026-07-16 10:15:00+00:00,102204.757,6553286321.86102
2026-07-16 10:20:00+00:00,102205.791,6561468694.0926
2026-07-16 10:25:00+00:00,102194.222,6558222222.0502
2026-07-16 10:30:00+00:00,102184.064,6559665114.8544
2026-07-16 10:35:00+00:00,102160.942,6562134435.7686
2026-07-16 10:40:00+00:00,102140.979,6552602087.039806
2026-07-16 10:45:00+00:00,102101.858,6550941795.354734
2026-07-16 10:50:00+00:00,102073.357,6548005851.55
2026-07-16 10:55:00+00:00,102063.455,6548410823.868251
2026-07-16 11:00:00+00:00,102054.457,6550621692.673864
2026-07-16 11:05:00+00:00,102045.72,6546273756.288
2026-07-16 11:10:00+00:00,102013.608,6541255364.0112
2026-07-16 11:15:00+00:00,102036.241,6544890199.2148
2026-07-16 11:20:00+00:00,102058.234,6541208185.9386
2026-07-16 11:25:00+00:00,102066.098,6555277648.218856
2026-07-16 11:30:00+00:00,102088.283,6548776260.452172
2026-07-16 11:35:00+00:00,102072.062,6548540512.216611
2026-07-16 11:40:00+00:00,102073.784,6550523843.9296
2026-07-16 11:45:00+00:00,102073.819,6556681141.3193
2026-07-16 11:50:00+00:00,102104.038,6549555411.1442
2026-07-16 11:55:00+00:00,102129.098,6553963176.995552
2026-07-16 12:00:00+00:00,102175.196,6562375660.9332
2026-07-16 12:05:00+00:00,102151.56,6551837615.904
2026-07-16 12:10:00+00:00,102139.051,6551566431.7236
2026-07-16 12:15:00+00:00,102128.333,6550212015.962091
2026-07-16 12:20:00+00:00,102102.304,6548780517.1776
2026-07-16 12:25:00+00:00,102075.852,6543051905.6148
2026-07-16 12:30:00+00:00,102067.208,6548807922.3353
2026-07-16 12:35:00+00:00,102082.007,6545965759.336407
2026-07-16 12:40:00+00:00,102017.841,6524071537.3023
2026-07-16 12:45:00+00:00,101970.381,6512787052.2414
2026-07-16 12:50:00+00:00,102045.075,6523476327.555
2026-07-16 12:55:00+00:00,102072.624,6532440812.894454
2026-07-16 13:00:00+00:00,102079.794,6527125167.901449
2026-07-16 13:05:00+00:00,101991.429,6523147417.6962
2026-07-16 13:10:00+00:00,102009.332,6528587047.0668
2026-07-16 13:15:00+00:00,101972.62,6532345642.676
2026-07-16 13:20:00+00:00,102024.294,6537165828.3324
2026-07-16 13:25:00+00:00,101857.36,6538133738.541513
2026-07-16 13:30:00+00:00,101831.998,6540323002.7468
2026-07-16 13:35:00+00:00,101673.781,6537624118.3
2026-07-16 13:40:00+00:00,101593.204,6530411153.12
2026-07-16 13:45:00+00:00,101368.372,6500877123.371652
2026-07-16 13:50:00+00:00,101365.025,6506357073.678052
2026-07-16 13:55:00+00:00,101594.188,6528336707.587982
2026-07-16 14:00:00+00:00,101593.646,6537561279.4646
2026-07-16 14:05:00+00:00,101581.069,6533481037.8351
2026-07-16 14:10:00+00:00,101666.404,6566216202.1036
2026-07-16 14:15:00+00:00,101676.233,6569445680.179132
2026-07-16 14:20:00+00:00,101722.325,6577405312.351961
2026-07-16 14:25:00+00:00,101695.514,6569776849.18334
2026-07-16 14:30:00+00:00,101647.065,6580143082.188
2026-07-16 14:35:00+00:00,101681.225,6582711003.102091
2026-07-16 14:40:00+00:00,101650.415,6572817484.315
2026-07-16 14:45:00+00:00,101630.48,6576406730.32
2026-07-16 14:50:00+00:00,101654.167,6575784948.539144
2026-07-16 14:55:00+00:00,101521.19,6551416193.675
2026-07-16 15:00:00+00:00,100993.592,6515201160.72912
2026-07-16 15:05:00+00:00,100985.76,6511760730.648049
2026-07-16 15:10:00+00:00,100941.291,6501891000.6666
2026-07-16 15:15:00+00:00,100864.258,6489182729.8364
2026-07-16 15:20:00+00:00,100834.4,6503365045.2
2026-07-16 15:25:00+00:00,100755.809,6514840378.665304
2026-07-16 15:30:00+00:00,100678.978,6523987706.5022
2026-07-16 15:35:00+00:00,100713.301,6522228175.043845
2026-07-16 15:40:00+00:00,100753.597,6527221028.048
2026-07-16 15:45:00+00:00,100760.889,6519319787.643809
2026-07-16 15:50:00+00:00,100673.956,6517253208.846297
2026-07-16 15:55:00+00:00,100708.31,6518879118.793
2026-07-16 16:00:00+00:00,100645.102,6509493713.6254
2026-07-16 16:05:00+00:00,100646.061,6499197162.44116
2026-07-16 16:10:00+00:00,100693.24,6501675723.090567
2026-07-16 16:15:00+00:00,100691.064,6493714805.458841
2026-07-16 16:20:00+00:00,100734.3,6493805848.162471
2026-07-16 16:25:00+00:00,100776.502,6494000509.884292
2026-07-16 16:30:00+00:00,100749.846,6500027435.808833
2026-07-16 16:35:00+00:00,100721.42,6501426651.012
2026-07-16 16:40:00+00:00,100730.254,6486957846.4222
2026-07-16 16:45:00+00:00,100694.233,6479659562.360093
2026-07-16 16:50:00+00:00,100668.893,6483457222.296755
2026-07-16 16:55:00+00:00,100694.123,6489575116.7532
2026-07-16 17:00:00+00:00,100701.176,6490583527.7864
2026-07-16 17:05:00+00:00,100768.423,6483887360.60893
2026-07-16 17:10:00+00:00,100809.175,6479610532.3
2026-07-16 17:15:00+00:00,100636.285,6454428902.017
2026-07-16 17:20:00+00:00,100740.315,6465655477.912787
2026-07-16 17:25:00+00:00,100788.845,6469457903.1787
2026-07-16 17:30:00+00:00,100867.496,6475007344.2272
2026-07-16 17:35:00+00:00,100924.206,6481988331.8178
2026-07-16 17:40:00+00:00,100960.221,6481969420.395071
2026-07-16 17:45:00+00:00,101003.772,6475826540.6484
2026-07-16 17:50:00+00:00,101048.055,6477271268.7495
2026-07-16 17:55:00+00:00,101005.678,6471110571.2904
2026-07-16 18:00:00+00:00,101094.809,6474845922.51744
2026-07-16 18:05:00+00:00,101083.844,6475441155.0244
2026-07-16 18:10:00+00:00,101085.262,6485043975.492332
2026-07-16 18:15:00+00:00,101074.127,6485572970.1455
2026-07-16 18:20:00+00:00,101024.976,6486530839.0272
2026-07-16 18:25:00+00:00,100975.44,6489842991.96
2026-07-16 18:30:00+00:00,100986.079,6481932660.616732
2026-07-16 18:35:00+00:00,100996.142,6479690279.2076
2026-07-16 18:40:00+00:00,101051.308,6478530722.5804
2026-07-16 18:45:00+00:00,100985.86,6475839455.532
2026-07-16 18:50:00+00:00,100973.289,6483186843.223243
2026-07-16 18:55:00+00:00,100930.513,6484654250.5831
2026-07-16 19:00:00+00:00,100936.778,6483311280.689256
2026-07-16 19:05:00+00:00,100936.215,6486145249.188767
2026-07-16 19:10:00+00:00,100950.328,6483373295.2752
2026-07-16 19:15:00+00:00,100967.581,6481735023.3922
2026-07-16 19:20:00+00:00,100950.513,6480962364.2922
2026-07-16 19:25:00+00:00,100935.27,6476178513.159
2026-07-16 19:30:00+00:00,100922.514,6483009993.075
2026-07-16 19:35:00+00:00,100904.122,6480143438.1376
2026-07-16 19:40:00+00:00,100906.467,6480001407.1593
2026-07-16 19:45:00+00:00,100904.205,6475272406.348178
2026-07-16 19:50:00+00:00,100909.048,6473022792.9608
2026-07-16 19:55:00+00:00,100900.613,6481744388.4457
2026-07-16 20:00:00+00:00,100903.362,6482697852.9834
2026-07-16 20:05:00+00:00,100900.869,6477785339.3655
2026-07-16 20:10:00+00:00,100920.184,6476497468.836101
2026-07-16 20:15:00+00:00,100921.883,6475148013.28
2026-07-16 20:20:00+00:00,100921.081,6479627913.4969
2026-07-16 20:25:00+00:00,100911.099,6474755686.912244
2026-07-16 20:30:00+00:00,100920.149,6474421146.9311
2026-07-16 20:35:00+00:00,100920.105,6476426141.752832
2026-07-16 20:40:00+00:00,100907.081,6470542147.76883
2026-07-16 20:45:00+00:00,100936.964,6472469478.186429
2026-07-16 20:50:00+00:00,100936.206,6473382073.8804
2026-07-16 20:55:00+00:00,100911.534,6468198512.547109
2026-07-16 21:00:00+00:00,100909.289,6468668763.201952
2026-07-16 21:05:00+00:00,100884.006,6467787733.974059
2026-07-16 21:10:00+00:00,100884.13,6470788805.504
2026-07-16 21:15:00+00:00,100897.355,6473581257.985991
2026-07-16 21:20:00+00:00,100876.453,6474805574.0315
2026-07-16 21:25:00+00:00,100855.663,6469271964.72005
2026-07-16 21:30:00+00:00,100839.167,6468952207.9905615
2026-07-16 21:35:00+00:00,100839.292,6468815145.201532
2026-07-16 21:40:00+00:00,100891.762,6475084972.000804
2026-07-16 21:45:00+00:00,100896.408,6475839139.733547
2026-07-16 21:50:00+00:00,100894.359,6473455646.629652
2026-07-16 21:55:00+00:00,100902.021,6474055290.9978
2026-07-16 22:00:00+00:00,100902.255,6471467026.68
2026-07-16 22:05:00+00:00,100958.574,6479843059.900452
2026-07-16 22:10:00+00:00,100980.742,6479914017.9916
2026-07-16 22:15:00+00:00,100992.45,6480907699.89
2026-07-16 22:20:00+00:00,101006.881,6476757145.503034
2026-07-16 22:25:00+00:00,101010.814,6468560810.1762
2026-07-16 22:30:00+00:00,101027.7,6465510127.98
2026-07-16 22:35:00+00:00,101210.224,6485885147.6592
2026-07-16 22:40:00+00:00,101215.807,6487052651.1791
2026-07-16 22:45:00+00:00,101462.017,6499415938.648221
2026-07-16 22:50:00+00:00,101431.168,6493377856.807629
2026-07-16 22:55:00+00:00,101410.171,6483896157.203556
2026-07-16 23:00:00+00:00,101405.489,6483826404.4644
2026-07-16 23:05:00+00:00,101385.213,6479397162.0531
2026-07-16 23:10:00+00:00,101391.497,6479778486.0245
2026-07-16 23:15:00+00:00,101713.344,6499635251.616
2026-07-16 23:20:00+00:00,101747.701,6498228846.8361
2026-07-16 23:25:00+00:00,101747.981,6484285481.141493
2026-07-16 23:30:00+00:00,101695.824,6486973221.312
2026-07-16 23:35:00+00:00,101691.019,6482522086.583301
2026-07-16 23:40:00+00:00,101692.198,6481561141.095867
2026-07-16 23:45:00+00:00,101665.597,6487477489.711999
2026-07-16 23:50:00+00:00,101807.853,6496786692.9126
2026-07-16 23:55:00+00:00,101784.845,6498748605.0755
2026-07-17 00:00:00+00:00,101759.822,6492865497.457071
2026-07-17 00:05:00+00:00,101833.913,6495313206.4442
2026-07-17 00:10:00+00:00,101927.313,6496031266.848308
2026-07-17 00:15:00+00:00,101949.339,6501125839.2198
2026-07-17 00:20:00+00:00,101944.101,6505708710.224255
2026-07-17 00:25:00+00:00,101949.954,6501296797.554569
2026-07-17 00:30:00+00:00,101923.241,6500255385.3359375
2026-07-17 00:35:00+00:00,101710.29,6476451207.973748
2026-07-17 00:40:00+00:00,101637.415,6468638858.464989
2026-07-17 00:45:00+00:00,101679.009,6483572176.7859
2026-07-17 00:50:00+00:00,101662.828,6489067147.2604
2026-07-17 00:55:00+00:00,101590.258,6483706222.536193
2026-07-17 01:00:00+00:00,101509.41,6482593941.42
2026-07-17 01:05:00+00:00,101445.491,6483646439.222863
2026-07-17 01:10:00+00:00,101395.449,6489308736.0
2026-07-17 01:15:00+00:00,101416.119,6487130255.357521
2026-07-17 01:20:00+00:00,101445.852,6479563389.37072
2026-07-17 01:25:00+00:00,101527.725,6486027642.2175
2026-07-17 01:30:00+00:00,101548.485,6494025615.75
2026-07-17 01:35:00+00:00,101548.678,6479704056.818038
2026-07-17 01:40:00+00:00,101550.342,6483585816.85002
2026-07-17 01:45:00+00:00,101598.314,6472196934.233807
2026-07-17 01:50:00+00:00,101626.464,6463973671.238529
2026-07-17 01:55:00+00:00,101446.465,6438431781.6295
2026-07-17 02:00:00+00:00,101485.729,6445666930.076992
2026-07-17 02:05:00+00:00,101590.875,6455795333.625
2026-07-17 02:10:00+00:00,101610.983,6444703292.128289
2026-07-17 02:15:00+00:00,101672.954,6465009364.874063
2026-07-17 02:20:00+00:00,101674.33,6464557238.620785
2026-07-17 02:25:00+00:00,101694.866,6459291786.8024
2026-07-17 02:30:00+00:00,101728.966,6463125473.807506
2026-07-17 02:35:00+00:00,101735.936,6457295211.726835
2026-07-17 02:40:00+00:00,101711.18,6448753261.068
2026-07-17 02:45:00+00:00,101798.059,6456737086.1649885
2026-07-17 02:50:00+00:00,101828.993,6457053381.21616
2026-07-17 02:55:00+00:00,101814.244,6451718815.947352
2026-07-17 03:00:00+00:00,101832.502,6462785519.037387
2026-07-17 03:05:00+00:00,101870.791,6473524963.094976
2026-07-17 03:10:00+00:00,101856.979,6478194304.539868
2026-07-17 03:15:00+00:00,101844.4,6476896462.4
2026-07-17 03:20:00+00:00,101812.305,6482969789.4885
2026-07-17 03:25:00+00:00,101796.073,6479024837.8383
2026-07-17 03:30:00+00:00,101792.794,6479152055.2176
2026-07-17 03:35:00+00:00,101836.564,6484016588.492201
2026-07-17 03:40:00+00:00,101856.112,6481623872.7312
2026-07-17 03:45:00+00:00,101860.661,6478113946.1458
2026-07-17 03:50:00+00:00,101937.155,6476352881.184
2026-07-17 03:55:00+00:00,101951.52,6478933730.071537
2026-07-17 04:00:00+00:00,101968.72,6478888531.36
2026-07-17 04:05:00+00:00,101985.528,6473908736.2536
2026-07-17 04:10:00+00:00,101978.896,6473416360.288
2026-07-17 04:15:00+00:00,101971.913,6472259290.023
2026-07-17 04:20:00+00:00,101669.677,6437022426.8687
2026-07-17 04:25:00+00:00,101700.443,6445224894.9478
2026-07-17 04:30:00+00:00,101690.445,6443381159.4015
2026-07-17 04:35:00+00:00,101698.718,6440712019.2734
2026-07-17 04:40:00+00:00,101662.218,6443930851.4826
2026-07-17 04:45:00+00:00,101616.022,6448095484.021
2026-07-17 04:50:00+00:00,101710.808,6460877384.043753
2026-07-17 04:55:00+00:00,101815.761,6463142329.3668
2026-07-17 05:00:00+00:00,101836.876,6463251266.464295
2026-07-17 05:05:00+00:00,101854.068,6457089567.894
2026-07-17 05:10:00+00:00,101872.689,6458728482.6
2026-07-17 05:15:00+00:00,101893.134,6461321849.833975
2026-07-17 05:20:00+00:00,101905.895,6457256846.0855
2026-07-17 05:25:00+00:00,101935.924,6455140357.754606
2026-07-17 05:30:00+00:00,102378.219,6467897552.6535
2026-07-17 05:35:00+00:00,102510.829,6473558851.35
2026-07-17 05:40:00+00:00,102530.863,6466826591.136
2026-07-17 05:45:00+00:00,101767.75,6405567488.25
2026-07-17 05:50:00+00:00,101839.046,6402287838.595961
2026-07-17 05:55:00+00:00,102053.036,6411002337.4308
2026-07-17 06:00:00+00:00,102152.918,6416224779.58
2026-07-17 06:05:00+00:00,102125.766,6417497476.34366
2026-07-17 06:10:00+00:00,101999.157,6404778632.690035
2026-07-17 06:15:00+00:00,102074.748,6409143869.655654
2026-07-17 06:20:00+00:00,102321.419,6421118850.174222
2026-07-17 06:25:00+00:00,102772.968,6453471289.621813
2026-07-17 06:30:00+00:00,102684.446,6458759528.337522
2026-07-17 06:35:00+00:00,102681.824,6459321024.990202
2026-07-17 06:40:00+00:00,102655.617,6457854070.343169
2026-07-17 06:45:00+00:00,102632.027,6450053421.6528
2026-07-17 06:50:00+00:00,102643.588,6454208284.7224
2026-07-17 06:55:00+00:00,102633.769,6451558277.5683365
2026-07-17 07:00:00+00:00,102653.012,6458047994.447332
2026-07-17 07:05:00+00:00,102644.78,6453145191.710016
2026-07-17 07:10:00+00:00,102714.377,6460162373.598444
2026-07-17 07:15:00+00:00,102731.248,6458898478.0064
2026-07-17 07:20:00+00:00,102762.816,6454316671.0464
2026-07-17 07:25:00+00:00,102739.764,6454831152.828
2026-07-17 07:30:00+00:00,102770.122,6464747463.8045845
2026-07-17 07:35:00+00:00,102706.74,6457532217.39
2026-07-17 07:40:00+00:00,102687.562,6459520012.5852
2026-07-17 07:45:00+00:00,102643.603,6456605905.471814
2026-07-17 07:50:00+00:00,102590.957,6452015291.368677
2026-07-17 07:55:00+00:00,102605.839,6452315427.525681
2026-07-17 08:00:00+00:00,102556.301,6439797297.4328
2026-07-17 08:05:00+00:00,102589.645,6443915137.153234
2026-07-17 08:10:00+00:00,102388.777,6432510211.995732
2026-07-17 08:15:00+00:00,102232.321,6426851281.21103
2026-07-17 08:20:00+00:00,102260.111,6412649752.7212
2026-07-17 08:25:00+00:00,102183.652,6418144963.7548
2026-07-17 08:30:00+00:00,102198.684,6415470600.027782
2026-07-17 08:35:00+00:00,102164.121,6404513504.887093
